S0_0_0_0,S0_0_1_0,S0_0_2_0,S0_0_3_0,S0_0_4_0,S0_1_0_0,S0_1_1_0,S0_1_2_0,S0_1_3_0,S0_1_4_0,S0_2_0_0,S0_2_1_0,S0_2_2_0,S0_2_3_0,S0_2_4_0,S0_3_0_0,S0_3_1_0,S0_3_2_0,S0_3_3_0,S0_3_4_0,S0_4_0_0,S0_4_1_0,S0_4_2_0,S0_4_3_0,S0_4_4_0,R0_0,R0_1,R0_2,R0_3,R0_4,Sample_0,Sample_1,Sample_2,Sample_3,Sample_4,Recover_0,Recover_1,Recover_2,Recover_3,Recover_4,Stop_time_0,Time_of_interest_0,nSampled_tips_0,R2S_0,R2S_1,R2S_2,R2S_3,R2S_4,Total_S0_0,Total_S0_1,Total_S0_2,Total_S0_3,Total_S0_4,Infect_0,Infect_1,Infect_2,Infect_3,Infect_4,VisitDepart_0_0,VisitDepart_0_1,VisitDepart_0_2,VisitDepart_0_3,VisitDepart_0_4,VisitDepart_1_0,VisitDepart_1_1,VisitDepart_1_2,VisitDepart_1_3,VisitDepart_1_4,VisitDepart_2_0,VisitDepart_2_1,VisitDepart_2_2,VisitDepart_2_3,VisitDepart_2_4,VisitDepart_3_0,VisitDepart_3_1,VisitDepart_3_2,VisitDepart_3_3,VisitDepart_3_4,VisitDepart_4_0,VisitDepart_4_1,VisitDepart_4_2,VisitDepart_4_3,VisitDepart_4_4,VisitReturn_0_0,VisitReturn_0_1,VisitReturn_0_2,VisitReturn_0_3,VisitReturn_0_4,VisitReturn_1_0,VisitReturn_1_1,VisitReturn_1_2,VisitReturn_1_3,VisitReturn_1_4,VisitReturn_2_0,VisitReturn_2_1,VisitReturn_2_2,VisitReturn_2_3,VisitReturn_2_4,VisitReturn_3_0,VisitReturn_3_1,VisitReturn_3_2,VisitReturn_3_3,VisitReturn_3_4,VisitReturn_4_0,VisitReturn_4_1,VisitReturn_4_2,VisitReturn_4_3,VisitReturn_4_4,VisitStationaryFreqs_0_0,VisitStationaryFreqs_0_1,VisitStationaryFreqs_0_2,VisitStationaryFreqs_0_3,VisitStationaryFreqs_0_4,VisitStationaryFreqs_1_0,VisitStationaryFreqs_1_1,VisitStationaryFreqs_1_2,VisitStationaryFreqs_1_3,VisitStationaryFreqs_1_4,VisitStationaryFreqs_2_0,VisitStationaryFreqs_2_1,VisitStationaryFreqs_2_2,VisitStationaryFreqs_2_3,VisitStationaryFreqs_2_4,VisitStationaryFreqs_3_0,VisitStationaryFreqs_3_1,VisitStationaryFreqs_3_2,VisitStationaryFreqs_3_3,VisitStationaryFreqs_3_4,VisitStationaryFreqs_4_0,VisitStationaryFreqs_4_1,VisitStationaryFreqs_4_2,VisitStationaryFreqs_4_3,VisitStationaryFreqs_4_4,VisitApproxInfect_0_0,VisitApproxInfect_0_1,VisitApproxInfect_0_2,VisitApproxInfect_0_3,VisitApproxInfect_0_4,VisitApproxInfect_1_0,VisitApproxInfect_1_1,VisitApproxInfect_1_2,VisitApproxInfect_1_3,VisitApproxInfect_1_4,VisitApproxInfect_2_0,VisitApproxInfect_2_1,VisitApproxInfect_2_2,VisitApproxInfect_2_3,VisitApproxInfect_2_4,VisitApproxInfect_3_0,VisitApproxInfect_3_1,VisitApproxInfect_3_2,VisitApproxInfect_3_3,VisitApproxInfect_3_4,VisitApproxInfect_4_0,VisitApproxInfect_4_1,VisitApproxInfect_4_2,VisitApproxInfect_4_3,VisitApproxInfect_4_4,StartState_0,StartState_1,actual_sim_time_0,SampleCount_0,SampleCount_1,SampleCount_2,SampleCount_3,SampleCount_4,total_sampled_0,num_sampled_per_capita_0,num_sampled_per_capita_1,num_sampled_per_capita_2,num_sampled_per_capita_3,num_sampled_per_capita_4,Prevalence_0,Prevalence_1,Prevalence_2,Prevalence_3,Prevalence_4,per_capita_prevalence_at_t_0,per_capita_prevalence_at_t_1,per_capita_prevalence_at_t_2,per_capita_prevalence_at_t_3,per_capita_prevalence_at_t_4,final_Susceptible_0_0_0,final_Susceptible_0_1_0,final_Susceptible_0_2_0,final_Susceptible_0_3_0,final_Susceptible_0_4_0,final_Susceptible_1_0_0,final_Susceptible_1_1_0,final_Susceptible_1_2_0,final_Susceptible_1_3_0,final_Susceptible_1_4_0,final_Susceptible_2_0_0,final_Susceptible_2_1_0,final_Susceptible_2_2_0,final_Susceptible_2_3_0,final_Susceptible_2_4_0,final_Susceptible_3_0_0,final_Susceptible_3_1_0,final_Susceptible_3_2_0,final_Susceptible_3_3_0,final_Susceptible_3_4_0,final_Susceptible_4_0_0,final_Susceptible_4_1_0,final_Susceptible_4_2_0,final_Susceptible_4_3_0,final_Susceptible_4_4_0,final_Contagious_0_0_0,final_Contagious_0_1_0,final_Contagious_0_2_0,final_Contagious_0_3_0,final_Contagious_0_4_0,final_Contagious_1_0_0,final_Contagious_1_1_0,final_Contagious_1_2_0,final_Contagious_1_3_0,final_Contagious_1_4_0,final_Contagious_2_0_0,final_Contagious_2_1_0,final_Contagious_2_2_0,final_Contagious_2_3_0,final_Contagious_2_4_0,final_Contagious_3_0_0,final_Contagious_3_1_0,final_Contagious_3_2_0,final_Contagious_3_3_0,final_Contagious_3_4_0,final_Contagious_4_0_0,final_Contagious_4_1_0,final_Contagious_4_2_0,final_Contagious_4_3_0,final_Contagious_4_4_0,final_Recovered_0_0_0,final_Recovered_0_1_0,final_Recovered_0_2_0,final_Recovered_0_3_0,final_Recovered_0_4_0,final_Recovered_1_0_0,final_Recovered_1_1_0,final_Recovered_1_2_0,final_Recovered_1_3_0,final_Recovered_1_4_0,final_Recovered_2_0_0,final_Recovered_2_1_0,final_Recovered_2_2_0,final_Recovered_2_3_0,final_Recovered_2_4_0,final_Recovered_3_0_0,final_Recovered_3_1_0,final_Recovered_3_2_0,final_Recovered_3_3_0,final_Recovered_3_4_0,final_Recovered_4_0_0,final_Recovered_4_1_0,final_Recovered_4_2_0,final_Recovered_4_3_0,final_Recovered_4_4_0,most_recent_tip_age_0,log_R0_0,log_R0_1,log_R0_2,log_R0_3,log_R0_4,log_Sample_0,log_Sample_1,log_Sample_2,log_Sample_3,log_Sample_4,log_Recover_0,log_Recover_1,log_Recover_2,log_Recover_3,log_Recover_4,log_VisitDepart_0_0,log_VisitDepart_0_1,log_VisitDepart_0_2,log_VisitDepart_0_3,log_VisitDepart_0_4,log_VisitDepart_1_0,log_VisitDepart_1_1,log_VisitDepart_1_2,log_VisitDepart_1_3,log_VisitDepart_1_4,log_VisitDepart_2_0,log_VisitDepart_2_1,log_VisitDepart_2_2,log_VisitDepart_2_3,log_VisitDepart_2_4,log_VisitDepart_3_0,log_VisitDepart_3_1,log_VisitDepart_3_2,log_VisitDepart_3_3,log_VisitDepart_3_4,log_VisitDepart_4_0,log_VisitDepart_4_1,log_VisitDepart_4_2,log_VisitDepart_4_3,log_VisitDepart_4_4,log_VisitReturn_0_0,log_VisitReturn_0_1,log_VisitReturn_0_2,log_VisitReturn_0_3,log_VisitReturn_0_4,log_VisitReturn_1_0,log_VisitReturn_1_1,log_VisitReturn_1_2,log_VisitReturn_1_3,log_VisitReturn_1_4,log_VisitReturn_2_0,log_VisitReturn_2_1,log_VisitReturn_2_2,log_VisitReturn_2_3,log_VisitReturn_2_4,log_VisitReturn_3_0,log_VisitReturn_3_1,log_VisitReturn_3_2,log_VisitReturn_3_3,log_VisitReturn_3_4,log_VisitReturn_4_0,log_VisitReturn_4_1,log_VisitReturn_4_2,log_VisitReturn_4_3,log_VisitReturn_4_4,log_Infect_0,log_Infect_1,log_Infect_2,log_Infect_3,log_Infect_4
426088,0,0,0,0,0,426088,0,0,0,0,0,426088,0,0,0,0,0,426088,0,0,0,0,0,426088,7.3836308741,7.3836308741,7.3836308741,7.3836308741,7.3836308741,0.0231911807,0.0231911807,0.0231911807,0.0231911807,0.0231911807,0.4598265957,0.4598265957,0.4598265957,0.4598265957,0.4598265957,8.8832185785,1.3181881667,223,0.0,0.0,0.0,0.0,0.0,426088,426088,426088,426088,426088,8.3702e-06,8.3702e-06,8.3702e-06,8.3702e-06,8.3702e-06,0.0029228881,0.0029228881,0.0029228881,0.0029228881,0.0029228881,0.0029228881,0.0029228881,0.0029228881,0.0029228881,0.0029228881,0.0029228881,0.0029228881,0.0029228881,0.0029228881,0.0029228881,0.0029228881,0.0029228881,0.0029228881,0.0029228881,0.0029228881,0.0029228881,0.0029228881,0.0029228881,0.0029228881,0.0029228881,0.4333961891,0.4333961891,0.4333961891,0.4333961891,0.4333961891,0.4333961891,0.4333961891,0.4333961891,0.4333961891,0.4333961891,0.4333961891,0.4333961891,0.4333961891,0.4333961891,0.4333961891,0.4333961891,0.4333961891,0.4333961891,0.4333961891,0.4333961891,0.4333961891,0.4333961891,0.4333961891,0.4333961891,0.4333961891,0.9737320275,0.0065669931,0.0065669931,0.0065669931,0.0065669931,0.0065669931,0.9737320275,0.0065669931,0.0065669931,0.0065669931,0.0065669931,0.0065669931,0.9737320275,0.0065669931,0.0065669931,0.0065669931,0.0065669931,0.0065669931,0.9737320275,0.0065669931,0.0065669931,0.0065669931,0.0065669931,0.0065669931,0.9737320275,8.1503e-06,5.5e-08,5.5e-08,5.5e-08,5.5e-08,5.5e-08,8.1503e-06,5.5e-08,5.5e-08,5.5e-08,5.5e-08,5.5e-08,8.1503e-06,5.5e-08,5.5e-08,5.5e-08,5.5e-08,5.5e-08,8.1503e-06,5.5e-08,5.5e-08,5.5e-08,5.5e-08,5.5e-08,8.1503e-06,2,2,3.9569892567,0.0,0.0,79.0,0.0,0.0,79.0,0.0,0.0,0.0001854077,0.0,0.0,0.0,0.0,4.0,0.0,0.0,0.0,0.0,9.3877e-06,0.0,0.0,425853.0,0.0,0.0,0.0,0.0,0.0,425962.0,0.0,0.0,0.0,0.0,0.0,415166.0,0.0,0.0,0.0,0.0,0.0,426003.0,0.0,0.0,0.0,0.0,0.0,425976.0,132.0,0.0,70.0,0.0,0.0,2.0,36.0,70.0,1.0,0.0,2.0,6.0,9398.0,6.0,6.0,2.0,0.0,58.0,14.0,0.0,0.0,2.0,61.0,0.0,38.0,33.0,0.0,0.0,0.0,0.0,0.0,17.0,0.0,0.0,0.0,0.0,0.0,1505.0,0.0,0.0,0.0,0.0,0.0,11.0,0.0,0.0,0.0,0.0,0.0,11.0,0.0069585543,1.999265506,1.999265506,1.999265506,1.999265506,1.999265506,-3.7639832151,-3.7639832151,-3.7639832151,-3.7639832151,-3.7639832151,-0.7769058264,-0.7769058264,-0.7769058264,-0.7769058264,-0.7769058264,-5.8351830625,-5.8351830625,-5.8351830625,-5.8351830625,-5.8351830625,-5.8351830625,-5.8351830625,-5.8351830625,-5.8351830625,-5.8351830625,-5.8351830625,-5.8351830625,-5.8351830625,-5.8351830625,-5.8351830625,-5.8351830625,-5.8351830625,-5.8351830625,-5.8351830625,-5.8351830625,-5.8351830625,-5.8351830625,-5.8351830625,-5.8351830625,-5.8351830625,-0.8361029828,-0.8361029828,-0.8361029828,-0.8361029828,-0.8361029828,-0.8361029828,-0.8361029828,-0.8361029828,-0.8361029828,-0.8361029828,-0.8361029828,-0.8361029828,-0.8361029828,-0.8361029828,-0.8361029828,-0.8361029828,-0.8361029828,-0.8361029828,-0.8361029828,-0.8361029828,-0.8361029828,-0.8361029828,-0.8361029828,-0.8361029828,-0.8361029828,-11.6908374926,-11.6908374926,-11.6908374926,-11.6908374926,-11.6908374926
355777,0,0,0,0,0,355777,0,0,0,0,0,355777,0,0,0,0,0,355777,0,0,0,0,0,355777,6.4225400869,6.4225400869,6.4225400869,6.4225400869,6.4225400869,0.0320955389,0.0320955389,0.0320955389,0.0320955389,0.0320955389,0.3107252745,0.3107252745,0.3107252745,0.3107252745,0.3107252745,6.4200481838,2.9016195117,314,0.0,0.0,0.0,0.0,0.0,355777,355777,355777,355777,355777,6.1887e-06,6.1887e-06,6.1887e-06,6.1887e-06,6.1887e-06,0.0051463062,0.0051463062,0.0051463062,0.0051463062,0.0051463062,0.0051463062,0.0051463062,0.0051463062,0.0051463062,0.0051463062,0.0051463062,0.0051463062,0.0051463062,0.0051463062,0.0051463062,0.0051463062,0.0051463062,0.0051463062,0.0051463062,0.0051463062,0.0051463062,0.0051463062,0.0051463062,0.0051463062,0.0051463062,0.7120283221,0.7120283221,0.7120283221,0.7120283221,0.7120283221,0.7120283221,0.7120283221,0.7120283221,0.7120283221,0.7120283221,0.7120283221,0.7120283221,0.7120283221,0.7120283221,0.7120283221,0.7120283221,0.7120283221,0.7120283221,0.7120283221,0.7120283221,0.7120283221,0.7120283221,0.7120283221,0.7120283221,0.7120283221,0.9719016595,0.0070245851,0.0070245851,0.0070245851,0.0070245851,0.0070245851,0.9719016595,0.0070245851,0.0070245851,0.0070245851,0.0070245851,0.0070245851,0.9719016595,0.0070245851,0.0070245851,0.0070245851,0.0070245851,0.0070245851,0.9719016595,0.0070245851,0.0070245851,0.0070245851,0.0070245851,0.0070245851,0.9719016595,6.0148e-06,4.35e-08,4.35e-08,4.35e-08,4.35e-08,4.35e-08,6.0148e-06,4.35e-08,4.35e-08,4.35e-08,4.35e-08,4.35e-08,6.0148e-06,4.35e-08,4.35e-08,4.35e-08,4.35e-08,4.35e-08,6.0148e-06,4.35e-08,4.35e-08,4.35e-08,4.35e-08,4.35e-08,6.0148e-06,4,4,4.9740913857,3.0,4.0,2.0,1.0,178.0,188.0,8.4322e-06,1.1243e-05,5.6215e-06,2.8107e-06,0.0005003134,0.4896983326,2.0,0.0,0.0,245.9793966652,1.3764e-06,5.6215e-06,0.0,0.0,0.0006913864,355547.0,0.0,0.0,0.0,0.0,0.0,355563.0,0.0,0.0,0.0,0.0,0.0,355608.0,0.0,0.0,0.0,0.0,0.0,355610.0,0.0,0.0,0.0,0.0,0.0,344773.0,148.0,2.0,0.0,2.0,46.0,2.0,123.0,0.0,0.0,52.0,2.0,0.0,75.0,1.0,63.0,1.0,1.0,0.0,92.0,58.0,26.0,16.0,17.0,22.0,9148.0,32.0,0.0,0.0,0.0,0.0,0.0,37.0,0.0,0.0,0.0,0.0,0.0,28.0,0.0,0.0,0.0,0.0,0.0,15.0,0.0,0.0,0.0,0.0,0.0,1776.0,-0.0060488057,1.8598136916,1.8598136916,1.8598136916,1.8598136916,1.8598136916,-3.4390382348,-3.4390382348,-3.4390382348,-3.4390382348,-3.4390382348,-1.168846119,-1.168846119,-1.168846119,-1.168846119,-1.168846119,-5.2694760589,-5.2694760589,-5.2694760589,-5.2694760589,-5.2694760589,-5.2694760589,-5.2694760589,-5.2694760589,-5.2694760589,-5.2694760589,-5.2694760589,-5.2694760589,-5.2694760589,-5.2694760589,-5.2694760589,-5.2694760589,-5.2694760589,-5.2694760589,-5.2694760589,-5.2694760589,-5.2694760589,-5.2694760589,-5.2694760589,-5.2694760589,-5.2694760589,-0.3396375902,-0.3396375902,-0.3396375902,-0.3396375902,-0.3396375902,-0.3396375902,-0.3396375902,-0.3396375902,-0.3396375902,-0.3396375902,-0.3396375902,-0.3396375902,-0.3396375902,-0.3396375902,-0.3396375902,-0.3396375902,-0.3396375902,-0.3396375902,-0.3396375902,-0.3396375902,-0.3396375902,-0.3396375902,-0.3396375902,-0.3396375902,-0.3396375902,-11.9927930959,-11.9927930959,-11.9927930959,-11.9927930959,-11.9927930959
483847,0,0,0,0,0,483847,0,0,0,0,0,483847,0,0,0,0,0,483847,0,0,0,0,0,483847,6.0857519445,6.0857519445,6.0857519445,6.0857519445,6.0857519445,0.023942176,0.023942176,0.023942176,0.023942176,0.023942176,0.1258054906,0.1258054906,0.1258054906,0.1258054906,0.1258054906,11.1923551851,1.1411367324,239,0.0,0.0,0.0,0.0,0.0,483847,483847,483847,483847,483847,1.8835e-06,1.8835e-06,1.8835e-06,1.8835e-06,1.8835e-06,0.001620083,0.001620083,0.001620083,0.001620083,0.001620083,0.001620083,0.001620083,0.001620083,0.001620083,0.001620083,0.001620083,0.001620083,0.001620083,0.001620083,0.001620083,0.001620083,0.001620083,0.001620083,0.001620083,0.001620083,0.001620083,0.001620083,0.001620083,0.001620083,0.001620083,0.3566548392,0.3566548392,0.3566548392,0.3566548392,0.3566548392,0.3566548392,0.3566548392,0.3566548392,0.3566548392,0.3566548392,0.3566548392,0.3566548392,0.3566548392,0.3566548392,0.3566548392,0.3566548392,0.3566548392,0.3566548392,0.3566548392,0.3566548392,0.3566548392,0.3566548392,0.3566548392,0.3566548392,0.3566548392,0.9821544906,0.0044613773,0.0044613773,0.0044613773,0.0044613773,0.0044613773,0.9821544906,0.0044613773,0.0044613773,0.0044613773,0.0044613773,0.0044613773,0.9821544906,0.0044613773,0.0044613773,0.0044613773,0.0044613773,0.0044613773,0.9821544906,0.0044613773,0.0044613773,0.0044613773,0.0044613773,0.0044613773,0.9821544906,1.8499e-06,8.4e-09,8.4e-09,8.4e-09,8.4e-09,8.4e-09,1.8499e-06,8.4e-09,8.4e-09,8.4e-09,8.4e-09,8.4e-09,1.8499e-06,8.4e-09,8.4e-09,8.4e-09,8.4e-09,8.4e-09,1.8499e-06,8.4e-09,8.4e-09,8.4e-09,8.4e-09,8.4e-09,1.8499e-06,0,0,11.1923551851,50.0,0.0,0.0,0.0,2.0,52.0,0.0001033385,0.0,0.0,0.0,4.1335e-06,1.0,0.0,0.0,0.0,0.0,2.0668e-06,0.0,0.0,0.0,0.0,482295.0,0.0,0.0,0.0,0.0,0.0,483840.0,0.0,0.0,0.0,0.0,0.0,483825.0,0.0,0.0,0.0,0.0,0.0,483837.0,0.0,0.0,0.0,0.0,0.0,483823.0,1258.0,0.0,2.0,2.0,4.0,3.0,3.0,0.0,0.0,0.0,4.0,0.0,17.0,0.0,0.0,7.0,0.0,0.0,2.0,0.0,3.0,0.0,0.0,0.0,18.0,287.0,0.0,0.0,0.0,0.0,0.0,1.0,0.0,0.0,0.0,0.0,0.0,1.0,0.0,0.0,0.0,0.0,0.0,1.0,0.0,0.0,0.0,0.0,0.0,3.0,0.024991948,1.8059502923,1.8059502923,1.8059502923,1.8059502923,1.8059502923,-3.7321136885,-3.7321136885,-3.7321136885,-3.7321136885,-3.7321136885,-2.0730182905,-2.0730182905,-2.0730182905,-2.0730182905,-2.0730182905,-6.4252778815,-6.4252778815,-6.4252778815,-6.4252778815,-6.4252778815,-6.4252778815,-6.4252778815,-6.4252778815,-6.4252778815,-6.4252778815,-6.4252778815,-6.4252778815,-6.4252778815,-6.4252778815,-6.4252778815,-6.4252778815,-6.4252778815,-6.4252778815,-6.4252778815,-6.4252778815,-6.4252778815,-6.4252778815,-6.4252778815,-6.4252778815,-6.4252778815,-1.0309868019,-1.0309868019,-1.0309868019,-1.0309868019,-1.0309868019,-1.0309868019,-1.0309868019,-1.0309868019,-1.0309868019,-1.0309868019,-1.0309868019,-1.0309868019,-1.0309868019,-1.0309868019,-1.0309868019,-1.0309868019,-1.0309868019,-1.0309868019,-1.0309868019,-1.0309868019,-1.0309868019,-1.0309868019,-1.0309868019,-1.0309868019,-1.0309868019,-13.182377352,-13.182377352,-13.182377352,-13.182377352,-13.182377352
496394,0,0,0,0,0,496394,0,0,0,0,0,496394,0,0,0,0,0,496394,0,0,0,0,0,496394,3.8568798711,3.8568798711,3.8568798711,3.8568798711,3.8568798711,0.0506316967,0.0506316967,0.0506316967,0.0506316967,0.0506316967,0.2701605214,0.2701605214,0.2701605214,0.2701605214,0.2701605214,7.8651893742,5.2684319775,220,0.0,0.0,0.0,0.0,0.0,496394,496394,496394,496394,496394,2.4925e-06,2.4925e-06,2.4925e-06,2.4925e-06,2.4925e-06,0.0022764022,0.0022764022,0.0022764022,0.0022764022,0.0022764022,0.0022764022,0.0022764022,0.0022764022,0.0022764022,0.0022764022,0.0022764022,0.0022764022,0.0022764022,0.0022764022,0.0022764022,0.0022764022,0.0022764022,0.0022764022,0.0022764022,0.0022764022,0.0022764022,0.0022764022,0.0022764022,0.0022764022,0.0022764022,0.2033405522,0.2033405522,0.2033405522,0.2033405522,0.2033405522,0.2033405522,0.2033405522,0.2033405522,0.2033405522,0.2033405522,0.2033405522,0.2033405522,0.2033405522,0.2033405522,0.2033405522,0.2033405522,0.2033405522,0.2033405522,0.2033405522,0.2033405522,0.2033405522,0.2033405522,0.2033405522,0.2033405522,0.2033405522,0.9571392176,0.0107151956,0.0107151956,0.0107151956,0.0107151956,0.0107151956,0.9571392176,0.0107151956,0.0107151956,0.0107151956,0.0107151956,0.0107151956,0.9571392176,0.0107151956,0.0107151956,0.0107151956,0.0107151956,0.0107151956,0.9571392176,0.0107151956,0.0107151956,0.0107151956,0.0107151956,0.0107151956,0.9571392176,2.3857e-06,2.67e-08,2.67e-08,2.67e-08,2.67e-08,2.67e-08,2.3857e-06,2.67e-08,2.67e-08,2.67e-08,2.67e-08,2.67e-08,2.3857e-06,2.67e-08,2.67e-08,2.67e-08,2.67e-08,2.67e-08,2.3857e-06,2.67e-08,2.67e-08,2.67e-08,2.67e-08,2.67e-08,2.3857e-06,3,3,7.8651893742,0.0,0.0,2.0,12.0,0.0,14.0,0.0,0.0,4.0291e-06,2.41743e-05,0.0,0.0,0.0,2.0,28.0,0.0,0.0,0.0,4.0291e-06,5.64068e-05,0.0,496385.0,0.0,0.0,0.0,0.0,0.0,496388.0,0.0,0.0,0.0,0.0,0.0,496348.0,0.0,0.0,0.0,0.0,0.0,496089.0,0.0,0.0,0.0,0.0,0.0,496389.0,7.0,0.0,0.0,0.0,0.0,0.0,2.0,0.0,2.0,0.0,0.0,0.0,30.0,3.0,0.0,0.0,0.0,0.0,215.0,0.0,0.0,0.0,1.0,2.0,1.0,2.0,0.0,0.0,0.0,0.0,0.0,2.0,0.0,0.0,0.0,0.0,0.0,13.0,0.0,0.0,0.0,0.0,0.0,91.0,0.0,0.0,0.0,0.0,0.0,1.0,0.0033445966,1.3498585331,1.3498585331,1.3498585331,1.3498585331,1.3498585331,-2.983177481,-2.983177481,-2.983177481,-2.983177481,-2.983177481,-1.3087389728,-1.3087389728,-1.3087389728,-1.3087389728,-1.3087389728,-6.0851590792,-6.0851590792,-6.0851590792,-6.0851590792,-6.0851590792,-6.0851590792,-6.0851590792,-6.0851590792,-6.0851590792,-6.0851590792,-6.0851590792,-6.0851590792,-6.0851590792,-6.0851590792,-6.0851590792,-6.0851590792,-6.0851590792,-6.0851590792,-6.0851590792,-6.0851590792,-6.0851590792,-6.0851590792,-6.0851590792,-6.0851590792,-6.0851590792,-1.5928731084,-1.5928731084,-1.5928731084,-1.5928731084,-1.5928731084,-1.5928731084,-1.5928731084,-1.5928731084,-1.5928731084,-1.5928731084,-1.5928731084,-1.5928731084,-1.5928731084,-1.5928731084,-1.5928731084,-1.5928731084,-1.5928731084,-1.5928731084,-1.5928731084,-1.5928731084,-1.5928731084,-1.5928731084,-1.5928731084,-1.5928731084,-1.5928731084,-12.902228373,-12.902228373,-12.902228373,-12.902228373,-12.902228373
403115,0,0,0,0,0,403115,0,0,0,0,0,403115,0,0,0,0,0,403115,0,0,0,0,0,403115,3.1136944141,3.1136944141,3.1136944141,3.1136944141,3.1136944141,0.0395599781,0.0395599781,0.0395599781,0.0395599781,0.0395599781,0.1187391322,0.1187391322,0.1187391322,0.1187391322,0.1187391322,6.5134913027,50.8622402684,290,0.0,0.0,0.0,0.0,0.0,403115,403115,403115,403115,403115,1.2227e-06,1.2227e-06,1.2227e-06,1.2227e-06,1.2227e-06,0.0054246689,0.0054246689,0.0054246689,0.0054246689,0.0054246689,0.0054246689,0.0054246689,0.0054246689,0.0054246689,0.0054246689,0.0054246689,0.0054246689,0.0054246689,0.0054246689,0.0054246689,0.0054246689,0.0054246689,0.0054246689,0.0054246689,0.0054246689,0.0054246689,0.0054246689,0.0054246689,0.0054246689,0.0054246689,0.1707250479,0.1707250479,0.1707250479,0.1707250479,0.1707250479,0.1707250479,0.1707250479,0.1707250479,0.1707250479,0.1707250479,0.1707250479,0.1707250479,0.1707250479,0.1707250479,0.1707250479,0.1707250479,0.1707250479,0.1707250479,0.1707250479,0.1707250479,0.1707250479,0.1707250479,0.1707250479,0.1707250479,0.1707250479,0.8872349245,0.0281912689,0.0281912689,0.0281912689,0.0281912689,0.0281912689,0.8872349245,0.0281912689,0.0281912689,0.0281912689,0.0281912689,0.0281912689,0.8872349245,0.0281912689,0.0281912689,0.0281912689,0.0281912689,0.0281912689,0.8872349245,0.0281912689,0.0281912689,0.0281912689,0.0281912689,0.0281912689,0.8872349245,1.0848e-06,3.45e-08,3.45e-08,3.45e-08,3.45e-08,3.45e-08,1.0848e-06,3.45e-08,3.45e-08,3.45e-08,3.45e-08,3.45e-08,1.0848e-06,3.45e-08,3.45e-08,3.45e-08,3.45e-08,3.45e-08,1.0848e-06,3.45e-08,3.45e-08,3.45e-08,3.45e-08,3.45e-08,1.0848e-06,3,3,6.5134913027,0.0,0.0,0.0,2.0,0.0,2.0,0.0,0.0,0.0,4.9614e-06,0.0,0.0,0.0,0.0,9.0,0.0,0.0,0.0,0.0,2.23261e-05,0.0,403115.0,0.0,0.0,0.0,0.0,0.0,403115.0,0.0,0.0,0.0,0.0,0.0,403114.0,0.0,0.0,0.0,0.0,0.0,403103.0,0.0,0.0,0.0,0.0,0.0,403115.0,0.0,0.0,0.0,0.0,0.0,0.0,0.0,0.0,0.0,0.0,0.0,0.0,0.0,1.0,0.0,0.0,0.0,0.0,8.0,0.0,0.0,0.0,0.0,0.0,0.0,0.0,0.0,0.0,0.0,0.0,0.0,0.0,0.0,0.0,0.0,0.0,0.0,0.0,0.0,0.0,0.0,0.0,0.0,5.0,0.0,0.0,0.0,0.0,0.0,0.0,2.2472798469,1.1358099357,1.1358099357,1.1358099357,1.1358099357,1.1358099357,-3.2299373266,-3.2299373266,-3.2299373266,-3.2299373266,-3.2299373266,-2.1308263586,-2.1308263586,-2.1308263586,-2.1308263586,-2.1308263586,-5.2167984073,-5.2167984073,-5.2167984073,-5.2167984073,-5.2167984073,-5.2167984073,-5.2167984073,-5.2167984073,-5.2167984073,-5.2167984073,-5.2167984073,-5.2167984073,-5.2167984073,-5.2167984073,-5.2167984073,-5.2167984073,-5.2167984073,-5.2167984073,-5.2167984073,-5.2167984073,-5.2167984073,-5.2167984073,-5.2167984073,-5.2167984073,-5.2167984073,-1.7677009233,-1.7677009233,-1.7677009233,-1.7677009233,-1.7677009233,-1.7677009233,-1.7677009233,-1.7677009233,-1.7677009233,-1.7677009233,-1.7677009233,-1.7677009233,-1.7677009233,-1.7677009233,-1.7677009233,-1.7677009233,-1.7677009233,-1.7677009233,-1.7677009233,-1.7677009233,-1.7677009233,-1.7677009233,-1.7677009233,-1.7677009233,-1.7677009233,-13.614436157,-13.614436157,-13.614436157,-13.614436157,-13.614436157
384338,0,0,0,0,0,384338,0,0,0,0,0,384338,0,0,0,0,0,384338,0,0,0,0,0,384338,5.7302335638,5.7302335638,5.7302335638,5.7302335638,5.7302335638,0.0229505634,0.0229505634,0.0229505634,0.0229505634,0.0229505634,0.6810955311,0.6810955311,0.6810955311,0.6810955311,0.6810955311,14.8337898682,71.1575319728,376,0.0,0.0,0.0,0.0,0.0,384338,384338,384338,384338,384338,1.04969e-05,1.04969e-05,1.04969e-05,1.04969e-05,1.04969e-05,0.0015590379,0.0015590379,0.0015590379,0.0015590379,0.0015590379,0.0015590379,0.0015590379,0.0015590379,0.0015590379,0.0015590379,0.0015590379,0.0015590379,0.0015590379,0.0015590379,0.0015590379,0.0015590379,0.0015590379,0.0015590379,0.0015590379,0.0015590379,0.0015590379,0.0015590379,0.0015590379,0.0015590379,0.0015590379,0.9609901993,0.9609901993,0.9609901993,0.9609901993,0.9609901993,0.9609901993,0.9609901993,0.9609901993,0.9609901993,0.9609901993,0.9609901993,0.9609901993,0.9609901993,0.9609901993,0.9609901993,0.9609901993,0.9609901993,0.9609901993,0.9609901993,0.9609901993,0.9609901993,0.9609901993,0.9609901993,0.9609901993,0.9609901993,0.9935525418,0.0016118646,0.0016118646,0.0016118646,0.0016118646,0.0016118646,0.9935525418,0.0016118646,0.0016118646,0.0016118646,0.0016118646,0.0016118646,0.9935525418,0.0016118646,0.0016118646,0.0016118646,0.0016118646,0.0016118646,0.9935525418,0.0016118646,0.0016118646,0.0016118646,0.0016118646,0.0016118646,0.9935525418,1.04292e-05,1.69e-08,1.69e-08,1.69e-08,1.69e-08,1.69e-08,1.04292e-05,1.69e-08,1.69e-08,1.69e-08,1.69e-08,1.69e-08,1.04292e-05,1.69e-08,1.69e-08,1.69e-08,1.69e-08,1.69e-08,1.04292e-05,1.69e-08,1.69e-08,1.69e-08,1.69e-08,1.69e-08,1.04292e-05,0,0,3.0439708939,49.0,0.0,0.0,0.0,0.0,49.0,0.0001274919,0.0,0.0,0.0,0.0,9576.0,46.0,83.0,8.0,31.0,0.0249155691,0.0001196863,0.0002159557,2.0815e-05,8.06582e-05,372766.0,0.0,0.0,0.0,0.0,0.0,384271.0,0.0,0.0,0.0,0.0,0.0,384215.0,0.0,0.0,0.0,0.0,0.0,384313.0,0.0,0.0,0.0,0.0,0.0,384292.0,9511.0,5.0,3.0,1.0,5.0,10.0,41.0,0.0,0.0,0.0,21.0,0.0,80.0,0.0,1.0,18.0,0.0,0.0,7.0,0.0,16.0,0.0,0.0,0.0,25.0,2048.0,0.0,0.0,0.0,0.0,0.0,16.0,0.0,0.0,0.0,0.0,0.0,21.0,0.0,0.0,0.0,0.0,0.0,0.0,0.0,0.0,0.0,0.0,0.0,5.0,0.0014874841,1.7457562915,1.7457562915,1.7457562915,1.7457562915,1.7457562915,-3.7744127939,-3.7744127939,-3.7744127939,-3.7744127939,-3.7744127939,-0.384052702,-0.384052702,-0.384052702,-0.384052702,-0.384052702,-6.4636863964,-6.4636863964,-6.4636863964,-6.4636863964,-6.4636863964,-6.4636863964,-6.4636863964,-6.4636863964,-6.4636863964,-6.4636863964,-6.4636863964,-6.4636863964,-6.4636863964,-6.4636863964,-6.4636863964,-6.4636863964,-6.4636863964,-6.4636863964,-6.4636863964,-6.4636863964,-6.4636863964,-6.4636863964,-6.4636863964,-6.4636863964,-6.4636863964,-0.0397910685,-0.0397910685,-0.0397910685,-0.0397910685,-0.0397910685,-0.0397910685,-0.0397910685,-0.0397910685,-0.0397910685,-0.0397910685,-0.0397910685,-0.0397910685,-0.0397910685,-0.0397910685,-0.0397910685,-0.0397910685,-0.0397910685,-0.0397910685,-0.0397910685,-0.0397910685,-0.0397910685,-0.0397910685,-0.0397910685,-0.0397910685,-0.0397910685,-11.4644328111,-11.4644328111,-11.4644328111,-11.4644328111,-11.4644328111
324403,0,0,0,0,0,324403,0,0,0,0,0,324403,0,0,0,0,0,324403,0,0,0,0,0,324403,6.5197433811,6.5197433811,6.5197433811,6.5197433811,6.5197433811,0.0478798091,0.0478798091,0.0478798091,0.0478798091,0.0478798091,0.3348107441,0.3348107441,0.3348107441,0.3348107441,0.3348107441,3.3192688086,2.536441296,237,0.0,0.0,0.0,0.0,0.0,324403,324403,324403,324403,324403,7.6912e-06,7.6912e-06,7.6912e-06,7.6912e-06,7.6912e-06,0.0050741492,0.0050741492,0.0050741492,0.0050741492,0.0050741492,0.0050741492,0.0050741492,0.0050741492,0.0050741492,0.0050741492,0.0050741492,0.0050741492,0.0050741492,0.0050741492,0.0050741492,0.0050741492,0.0050741492,0.0050741492,0.0050741492,0.0050741492,0.0050741492,0.0050741492,0.0050741492,0.0050741492,0.0050741492,0.4699307599,0.4699307599,0.4699307599,0.4699307599,0.4699307599,0.4699307599,0.4699307599,0.4699307599,0.4699307599,0.4699307599,0.4699307599,0.4699307599,0.4699307599,0.4699307599,0.4699307599,0.4699307599,0.4699307599,0.4699307599,0.4699307599,0.4699307599,0.4699307599,0.4699307599,0.4699307599,0.4699307599,0.4699307599,0.958597584,0.010350604,0.010350604,0.010350604,0.010350604,0.010350604,0.958597584,0.010350604,0.010350604,0.010350604,0.010350604,0.010350604,0.958597584,0.010350604,0.010350604,0.010350604,0.010350604,0.010350604,0.958597584,0.010350604,0.010350604,0.010350604,0.010350604,0.010350604,0.958597584,7.3728e-06,7.96e-08,7.96e-08,7.96e-08,7.96e-08,7.96e-08,7.3728e-06,7.96e-08,7.96e-08,7.96e-08,7.96e-08,7.96e-08,7.3728e-06,7.96e-08,7.96e-08,7.96e-08,7.96e-08,7.96e-08,7.3728e-06,7.96e-08,7.96e-08,7.96e-08,7.96e-08,7.96e-08,7.3728e-06,0,0,3.3192688086,59.0,1.0,5.0,0.0,2.0,67.0,0.0001818725,3.0826e-06,1.54129e-05,0.0,6.1652e-06,488.4300714148,7.6075178537,41.6075178537,4.0,8.0,0.0015056275,2.34508e-05,0.0001282587,1.23303e-05,2.46607e-05,321593.0,0.0,0.0,0.0,0.0,0.0,324317.0,0.0,0.0,0.0,0.0,0.0,324135.0,0.0,0.0,0.0,0.0,0.0,324367.0,0.0,0.0,0.0,0.0,0.0,324325.0,2324.0,1.0,3.0,5.0,4.0,26.0,41.0,4.0,0.0,0.0,22.0,0.0,189.0,1.0,1.0,12.0,0.0,2.0,18.0,0.0,25.0,1.0,3.0,0.0,36.0,474.0,0.0,0.0,0.0,0.0,0.0,15.0,0.0,0.0,0.0,0.0,0.0,55.0,0.0,0.0,0.0,0.0,0.0,4.0,0.0,0.0,0.0,0.0,0.0,13.0,0.0219616648,1.8748350164,1.8748350164,1.8748350164,1.8748350164,1.8748350164,-3.039061385,-3.039061385,-3.039061385,-3.039061385,-3.039061385,-1.0941898497,-1.0941898497,-1.0941898497,-1.0941898497,-1.0941898497,-5.2835964066,-5.2835964066,-5.2835964066,-5.2835964066,-5.2835964066,-5.2835964066,-5.2835964066,-5.2835964066,-5.2835964066,-5.2835964066,-5.2835964066,-5.2835964066,-5.2835964066,-5.2835964066,-5.2835964066,-5.2835964066,-5.2835964066,-5.2835964066,-5.2835964066,-5.2835964066,-5.2835964066,-5.2835964066,-5.2835964066,-5.2835964066,-5.2835964066,-0.7551699145,-0.7551699145,-0.7551699145,-0.7551699145,-0.7551699145,-0.7551699145,-0.7551699145,-0.7551699145,-0.7551699145,-0.7551699145,-0.7551699145,-0.7551699145,-0.7551699145,-0.7551699145,-0.7551699145,-0.7551699145,-0.7551699145,-0.7551699145,-0.7551699145,-0.7551699145,-0.7551699145,-0.7551699145,-0.7551699145,-0.7551699145,-0.7551699145,-11.775435404,-11.775435404,-11.775435404,-11.775435404,-11.775435404
405531,0,0,0,0,0,405531,0,0,0,0,0,405531,0,0,0,0,0,405531,0,0,0,0,0,405531,7.5996555364,7.5996555364,7.5996555364,7.5996555364,7.5996555364,0.0362427673,0.0362427673,0.0362427673,0.0362427673,0.0362427673,0.7165927958,0.7165927958,0.7165927958,0.7165927958,0.7165927958,5.6692894504,75.6998514526,200,0.0,0.0,0.0,0.0,0.0,405531,405531,405531,405531,405531,1.41081e-05,1.41081e-05,1.41081e-05,1.41081e-05,1.41081e-05,0.002428931,0.002428931,0.002428931,0.002428931,0.002428931,0.002428931,0.002428931,0.002428931,0.002428931,0.002428931,0.002428931,0.002428931,0.002428931,0.002428931,0.002428931,0.002428931,0.002428931,0.002428931,0.002428931,0.002428931,0.002428931,0.002428931,0.002428931,0.002428931,0.002428931,0.5559136175,0.5559136175,0.5559136175,0.5559136175,0.5559136175,0.5559136175,0.5559136175,0.5559136175,0.5559136175,0.5559136175,0.5559136175,0.5559136175,0.5559136175,0.5559136175,0.5559136175,0.5559136175,0.5559136175,0.5559136175,0.5559136175,0.5559136175,0.5559136175,0.5559136175,0.5559136175,0.5559136175,0.5559136175,0.982823161,0.0042942097,0.0042942097,0.0042942097,0.0042942097,0.0042942097,0.982823161,0.0042942097,0.0042942097,0.0042942097,0.0042942097,0.0042942097,0.982823161,0.0042942097,0.0042942097,0.0042942097,0.0042942097,0.0042942097,0.982823161,0.0042942097,0.0042942097,0.0042942097,0.0042942097,0.0042942097,0.982823161,1.38658e-05,6.06e-08,6.06e-08,6.06e-08,6.06e-08,6.06e-08,1.38658e-05,6.06e-08,6.06e-08,6.06e-08,6.06e-08,6.06e-08,1.38658e-05,6.06e-08,6.06e-08,6.06e-08,6.06e-08,6.06e-08,1.38658e-05,6.06e-08,6.06e-08,6.06e-08,6.06e-08,6.06e-08,1.38658e-05,4,4,2.0713620114,4.0,1.0,0.0,0.0,81.0,86.0,9.8636e-06,2.4659e-06,0.0,0.0,0.0001997381,181.0,62.0,27.0,23.0,9607.0,0.0004463284,0.000152886,6.65794e-05,5.67158e-05,0.0236899275,405297.0,0.0,0.0,0.0,0.0,0.0,405417.0,0.0,0.0,0.0,0.0,0.0,405457.0,0.0,0.0,0.0,0.0,0.0,405474.0,0.0,0.0,0.0,0.0,0.0,394562.0,166.0,0.0,0.0,0.0,41.0,2.0,61.0,0.0,0.0,36.0,2.0,0.0,23.0,0.0,43.0,2.0,0.0,0.0,17.0,34.0,9.0,1.0,4.0,6.0,9453.0,27.0,0.0,0.0,0.0,0.0,0.0,15.0,0.0,0.0,0.0,0.0,0.0,6.0,0.0,0.0,0.0,0.0,0.0,4.0,0.0,0.0,0.0,0.0,0.0,1497.0,-0.0012202926,2.0281029221,2.0281029221,2.0281029221,2.0281029221,2.0281029221,-3.3175154393,-3.3175154393,-3.3175154393,-3.3175154393,-3.3175154393,-0.3332475275,-0.3332475275,-0.3332475275,-0.3332475275,-0.3332475275,-6.0203040241,-6.0203040241,-6.0203040241,-6.0203040241,-6.0203040241,-6.0203040241,-6.0203040241,-6.0203040241,-6.0203040241,-6.0203040241,-6.0203040241,-6.0203040241,-6.0203040241,-6.0203040241,-6.0203040241,-6.0203040241,-6.0203040241,-6.0203040241,-6.0203040241,-6.0203040241,-6.0203040241,-6.0203040241,-6.0203040241,-6.0203040241,-6.0203040241,-0.5871423609,-0.5871423609,-0.5871423609,-0.5871423609,-0.5871423609,-0.5871423609,-0.5871423609,-0.5871423609,-0.5871423609,-0.5871423609,-0.5871423609,-0.5871423609,-0.5871423609,-0.5871423609,-0.5871423609,-0.5871423609,-0.5871423609,-0.5871423609,-0.5871423609,-0.5871423609,-0.5871423609,-0.5871423609,-0.5871423609,-0.5871423609,-0.5871423609,-11.1687581271,-11.1687581271,-11.1687581271,-11.1687581271,-11.1687581271
493215,0,0,0,0,0,493215,0,0,0,0,0,493215,0,0,0,0,0,493215,0,0,0,0,0,493215,5.7761456256,5.7761456256,5.7761456256,5.7761456256,5.7761456256,0.0243197389,0.0243197389,0.0243197389,0.0243197389,0.0243197389,0.3953651179,0.3953651179,0.3953651179,0.3953651179,0.3953651179,4.0037836089,8.1451107946,337,0.0,0.0,0.0,0.0,0.0,493215,493215,493215,493215,493215,4.915e-06,4.915e-06,4.915e-06,4.915e-06,4.915e-06,0.0011992833,0.0011992833,0.0011992833,0.0011992833,0.0011992833,0.0011992833,0.0011992833,0.0011992833,0.0011992833,0.0011992833,0.0011992833,0.0011992833,0.0011992833,0.0011992833,0.0011992833,0.0011992833,0.0011992833,0.0011992833,0.0011992833,0.0011992833,0.0011992833,0.0011992833,0.0011992833,0.0011992833,0.0011992833,0.267868669,0.267868669,0.267868669,0.267868669,0.267868669,0.267868669,0.267868669,0.267868669,0.267868669,0.267868669,0.267868669,0.267868669,0.267868669,0.267868669,0.267868669,0.267868669,0.267868669,0.267868669,0.267868669,0.267868669,0.267868669,0.267868669,0.267868669,0.267868669,0.267868669,0.9824065458,0.0043983636,0.0043983636,0.0043983636,0.0043983636,0.0043983636,0.9824065458,0.0043983636,0.0043983636,0.0043983636,0.0043983636,0.0043983636,0.9824065458,0.0043983636,0.0043983636,0.0043983636,0.0043983636,0.0043983636,0.9824065458,0.0043983636,0.0043983636,0.0043983636,0.0043983636,0.0043983636,0.9824065458,4.8285e-06,2.16e-08,2.16e-08,2.16e-08,2.16e-08,2.16e-08,4.8285e-06,2.16e-08,2.16e-08,2.16e-08,2.16e-08,2.16e-08,4.8285e-06,2.16e-08,2.16e-08,2.16e-08,2.16e-08,2.16e-08,4.8285e-06,2.16e-08,2.16e-08,2.16e-08,2.16e-08,2.16e-08,4.8285e-06,4,4,4.0037836089,0.0,0.0,0.0,0.0,23.0,23.0,0.0,0.0,0.0,0.0,4.66328e-05,4.0,28.0,7.0,5.0,1971.0,8.1101e-06,5.67704e-05,1.41926e-05,1.01376e-05,0.0039962288,493201.0,0.0,0.0,0.0,0.0,0.0,493169.0,0.0,0.0,0.0,0.0,0.0,493199.0,0.0,0.0,0.0,0.0,0.0,493205.0,0.0,0.0,0.0,0.0,0.0,490858.0,4.0,0.0,0.0,0.0,8.0,0.0,26.0,0.0,0.0,11.0,0.0,0.0,6.0,0.0,6.0,0.0,0.0,0.0,4.0,5.0,0.0,2.0,1.0,1.0,1941.0,2.0,0.0,0.0,0.0,0.0,0.0,9.0,0.0,0.0,0.0,0.0,0.0,4.0,0.0,0.0,0.0,0.0,0.0,1.0,0.0,0.0,0.0,0.0,0.0,413.0,0.010872688,1.7537366135,1.7537366135,1.7537366135,1.7537366135,1.7537366135,-3.7164669572,-3.7164669572,-3.7164669572,-3.7164669572,-3.7164669572,-0.9279455919,-0.9279455919,-0.9279455919,-0.9279455919,-0.9279455919,-6.7260311263,-6.7260311263,-6.7260311263,-6.7260311263,-6.7260311263,-6.7260311263,-6.7260311263,-6.7260311263,-6.7260311263,-6.7260311263,-6.7260311263,-6.7260311263,-6.7260311263,-6.7260311263,-6.7260311263,-6.7260311263,-6.7260311263,-6.7260311263,-6.7260311263,-6.7260311263,-6.7260311263,-6.7260311263,-6.7260311263,-6.7260311263,-6.7260311263,-1.3172584598,-1.3172584598,-1.3172584598,-1.3172584598,-1.3172584598,-1.3172584598,-1.3172584598,-1.3172584598,-1.3172584598,-1.3172584598,-1.3172584598,-1.3172584598,-1.3172584598,-1.3172584598,-1.3172584598,-1.3172584598,-1.3172584598,-1.3172584598,-1.3172584598,-1.3172584598,-1.3172584598,-1.3172584598,-1.3172584598,-1.3172584598,-1.3172584598,-12.2232150402,-12.2232150402,-12.2232150402,-12.2232150402,-12.2232150402
474635,0,0,0,0,0,474635,0,0,0,0,0,474635,0,0,0,0,0,474635,0,0,0,0,0,474635,4.7550062296,4.7550062296,4.7550062296,4.7550062296,4.7550062296,0.0366239376,0.0366239376,0.0366239376,0.0366239376,0.0366239376,0.7502216459,0.7502216459,0.7502216459,0.7502216459,0.7502216459,1.8974823422,1.9886311136,258,0.0,0.0,0.0,0.0,0.0,474635,474635,474635,474635,474635,7.8828e-06,7.8828e-06,7.8828e-06,7.8828e-06,7.8828e-06,0.0029425421,0.0029425421,0.0029425421,0.0029425421,0.0029425421,0.0029425421,0.0029425421,0.0029425421,0.0029425421,0.0029425421,0.0029425421,0.0029425421,0.0029425421,0.0029425421,0.0029425421,0.0029425421,0.0029425421,0.0029425421,0.0029425421,0.0029425421,0.0029425421,0.0029425421,0.0029425421,0.0029425421,0.0029425421,0.8610818332,0.8610818332,0.8610818332,0.8610818332,0.8610818332,0.8610818332,0.8610818332,0.8610818332,0.8610818332,0.8610818332,0.8610818332,0.8610818332,0.8610818332,0.8610818332,0.8610818332,0.8610818332,0.8610818332,0.8610818332,0.8610818332,0.8610818332,0.8610818332,0.8610818332,0.8610818332,0.8610818332,0.8610818332,0.986515276,0.003371181,0.003371181,0.003371181,0.003371181,0.003371181,0.986515276,0.003371181,0.003371181,0.003371181,0.003371181,0.003371181,0.986515276,0.003371181,0.003371181,0.003371181,0.003371181,0.003371181,0.986515276,0.003371181,0.003371181,0.003371181,0.003371181,0.003371181,0.986515276,7.7765e-06,2.66e-08,2.66e-08,2.66e-08,2.66e-08,2.66e-08,7.7765e-06,2.66e-08,2.66e-08,2.66e-08,2.66e-08,2.66e-08,7.7765e-06,2.66e-08,2.66e-08,2.66e-08,2.66e-08,2.66e-08,7.7765e-06,2.66e-08,2.66e-08,2.66e-08,2.66e-08,2.66e-08,7.7765e-06,4,4,1.8974823422,0.0,0.0,0.0,0.0,4.0,4.0,0.0,0.0,0.0,0.0,8.4275e-06,0.0,2.0,0.0,0.0,186.0,0.0,4.2138e-06,0.0,0.0,0.0003918801,474633.0,0.0,0.0,0.0,0.0,0.0,474631.0,0.0,0.0,0.0,0.0,0.0,474634.0,0.0,0.0,0.0,0.0,0.0,474634.0,0.0,0.0,0.0,0.0,0.0,474408.0,0.0,0.0,0.0,0.0,1.0,0.0,2.0,0.0,0.0,1.0,0.0,0.0,0.0,0.0,1.0,0.0,0.0,0.0,0.0,1.0,0.0,0.0,0.0,0.0,182.0,1.0,0.0,0.0,0.0,0.0,0.0,1.0,0.0,0.0,0.0,0.0,0.0,0.0,0.0,0.0,0.0,0.0,0.0,0.0,0.0,0.0,0.0,0.0,0.0,46.0,0.421639549,1.5591980061,1.5591980061,1.5591980061,1.5591980061,1.5591980061,-3.3070532197,-3.3070532197,-3.3070532197,-3.3070532197,-3.3070532197,-0.2873865882,-0.2873865882,-0.2873865882,-0.2873865882,-0.2873865882,-5.8284814203,-5.8284814203,-5.8284814203,-5.8284814203,-5.8284814203,-5.8284814203,-5.8284814203,-5.8284814203,-5.8284814203,-5.8284814203,-5.8284814203,-5.8284814203,-5.8284814203,-5.8284814203,-5.8284814203,-5.8284814203,-5.8284814203,-5.8284814203,-5.8284814203,-5.8284814203,-5.8284814203,-5.8284814203,-5.8284814203,-5.8284814203,-5.8284814203,-0.1495657347,-0.1495657347,-0.1495657347,-0.1495657347,-0.1495657347,-0.1495657347,-0.1495657347,-0.1495657347,-0.1495657347,-0.1495657347,-0.1495657347,-0.1495657347,-0.1495657347,-0.1495657347,-0.1495657347,-0.1495657347,-0.1495657347,-0.1495657347,-0.1495657347,-0.1495657347,-0.1495657347,-0.1495657347,-0.1495657347,-0.1495657347,-0.1495657347,-11.7508266193,-11.7508266193,-11.7508266193,-11.7508266193,-11.7508266193
438743,0,0,0,0,0,438743,0,0,0,0,0,438743,0,0,0,0,0,438743,0,0,0,0,0,438743,7.2377345158,7.2377345158,7.2377345158,7.2377345158,7.2377345158,0.0350882002,0.0350882002,0.0350882002,0.0350882002,0.0350882002,0.2586725464,0.2586725464,0.2586725464,0.2586725464,0.2586725464,4.4721301362,11.1612902852,345,0.0,0.0,0.0,0.0,0.0,438743,438743,438743,438743,438743,4.846e-06,4.846e-06,4.846e-06,4.846e-06,4.846e-06,0.0048702481,0.0048702481,0.0048702481,0.0048702481,0.0048702481,0.0048702481,0.0048702481,0.0048702481,0.0048702481,0.0048702481,0.0048702481,0.0048702481,0.0048702481,0.0048702481,0.0048702481,0.0048702481,0.0048702481,0.0048702481,0.0048702481,0.0048702481,0.0048702481,0.0048702481,0.0048702481,0.0048702481,0.0048702481,0.1899619275,0.1899619275,0.1899619275,0.1899619275,0.1899619275,0.1899619275,0.1899619275,0.1899619275,0.1899619275,0.1899619275,0.1899619275,0.1899619275,0.1899619275,0.1899619275,0.1899619275,0.1899619275,0.1899619275,0.1899619275,0.1899619275,0.1899619275,0.1899619275,0.1899619275,0.1899619275,0.1899619275,0.1899619275,0.9069866272,0.0232533432,0.0232533432,0.0232533432,0.0232533432,0.0232533432,0.9069866272,0.0232533432,0.0232533432,0.0232533432,0.0232533432,0.0232533432,0.9069866272,0.0232533432,0.0232533432,0.0232533432,0.0232533432,0.0232533432,0.9069866272,0.0232533432,0.0232533432,0.0232533432,0.0232533432,0.0232533432,0.9069866272,4.3953e-06,1.127e-07,1.127e-07,1.127e-07,1.127e-07,1.127e-07,4.3953e-06,1.127e-07,1.127e-07,1.127e-07,1.127e-07,1.127e-07,4.3953e-06,1.127e-07,1.127e-07,1.127e-07,1.127e-07,1.127e-07,4.3953e-06,1.127e-07,1.127e-07,1.127e-07,1.127e-07,1.127e-07,4.3953e-06,3,3,4.4721301362,1.0,1.0,1.0,136.0,2.0,141.0,2.2792e-06,2.2792e-06,2.2792e-06,0.0003099765,4.5585e-06,55.0,110.0,205.0,6220.0,167.0,0.0001253581,0.0002507163,0.0004672439,0.0141768644,0.0003806329,438533.0,0.0,0.0,0.0,0.0,0.0,438477.0,0.0,0.0,0.0,0.0,0.0,438379.0,0.0,0.0,0.0,0.0,0.0,432032.0,0.0,0.0,0.0,0.0,0.0,438412.0,42.0,3.0,2.0,134.0,2.0,3.0,88.0,5.0,136.0,4.0,1.0,0.0,175.0,137.0,5.0,9.0,19.0,19.0,5677.0,19.0,0.0,0.0,4.0,136.0,137.0,27.0,0.0,0.0,0.0,0.0,0.0,30.0,0.0,0.0,0.0,0.0,0.0,46.0,0.0,0.0,0.0,0.0,0.0,969.0,0.0,0.0,0.0,0.0,0.0,54.0,0.0043230713,1.9793082452,1.9793082452,1.9793082452,1.9793082452,1.9793082452,-3.3498903814,-3.3498903814,-3.3498903814,-3.3498903814,-3.3498903814,-1.3521923168,-1.3521923168,-1.3521923168,-1.3521923168,-1.3521923168,-5.3246103994,-5.3246103994,-5.3246103994,-5.3246103994,-5.3246103994,-5.3246103994,-5.3246103994,-5.3246103994,-5.3246103994,-5.3246103994,-5.3246103994,-5.3246103994,-5.3246103994,-5.3246103994,-5.3246103994,-5.3246103994,-5.3246103994,-5.3246103994,-5.3246103994,-5.3246103994,-5.3246103994,-5.3246103994,-5.3246103994,-5.3246103994,-5.3246103994,-1.6609316086,-1.6609316086,-1.6609316086,-1.6609316086,-1.6609316086,-1.6609316086,-1.6609316086,-1.6609316086,-1.6609316086,-1.6609316086,-1.6609316086,-1.6609316086,-1.6609316086,-1.6609316086,-1.6609316086,-1.6609316086,-1.6609316086,-1.6609316086,-1.6609316086,-1.6609316086,-1.6609316086,-1.6609316086,-1.6609316086,-1.6609316086,-1.6609316086,-12.237350484,-12.237350484,-12.237350484,-12.237350484,-12.237350484
327357,0,0,0,0,0,327357,0,0,0,0,0,327357,0,0,0,0,0,327357,0,0,0,0,0,327357,4.4393220613,4.4393220613,4.4393220613,4.4393220613,4.4393220613,0.027887755,0.027887755,0.027887755,0.027887755,0.027887755,0.1276883146,0.1276883146,0.1276883146,0.1276883146,0.1276883146,5.7541869559,2.3031212702,351,0.0,0.0,0.0,0.0,0.0,327357,327357,327357,327357,327357,2.1098e-06,2.1098e-06,2.1098e-06,2.1098e-06,2.1098e-06,0.0015108678,0.0015108678,0.0015108678,0.0015108678,0.0015108678,0.0015108678,0.0015108678,0.0015108678,0.0015108678,0.0015108678,0.0015108678,0.0015108678,0.0015108678,0.0015108678,0.0015108678,0.0015108678,0.0015108678,0.0015108678,0.0015108678,0.0015108678,0.0015108678,0.0015108678,0.0015108678,0.0015108678,0.0015108678,0.2041599828,0.2041599828,0.2041599828,0.2041599828,0.2041599828,0.2041599828,0.2041599828,0.2041599828,0.2041599828,0.2041599828,0.2041599828,0.2041599828,0.2041599828,0.2041599828,0.2041599828,0.2041599828,0.2041599828,0.2041599828,0.2041599828,0.2041599828,0.2041599828,0.2041599828,0.2041599828,0.2041599828,0.2041599828,0.9712494195,0.0071876451,0.0071876451,0.0071876451,0.0071876451,0.0071876451,0.9712494195,0.0071876451,0.0071876451,0.0071876451,0.0071876451,0.0071876451,0.9712494195,0.0071876451,0.0071876451,0.0071876451,0.0071876451,0.0071876451,0.9712494195,0.0071876451,0.0071876451,0.0071876451,0.0071876451,0.0071876451,0.9712494195,2.0491e-06,1.52e-08,1.52e-08,1.52e-08,1.52e-08,1.52e-08,2.0491e-06,1.52e-08,1.52e-08,1.52e-08,1.52e-08,1.52e-08,2.0491e-06,1.52e-08,1.52e-08,1.52e-08,1.52e-08,1.52e-08,2.0491e-06,1.52e-08,1.52e-08,1.52e-08,1.52e-08,1.52e-08,2.0491e-06,4,4,5.7541869559,0.0,0.0,0.0,0.0,2.0,2.0,0.0,0.0,0.0,0.0,6.1095e-06,0.0,0.0,0.0,0.0,9.0,0.0,0.0,0.0,0.0,2.74929e-05,327357.0,0.0,0.0,0.0,0.0,0.0,327357.0,0.0,0.0,0.0,0.0,0.0,327356.0,0.0,0.0,0.0,0.0,0.0,327354.0,0.0,0.0,0.0,0.0,0.0,327284.0,0.0,0.0,0.0,0.0,0.0,0.0,0.0,0.0,0.0,0.0,0.0,0.0,0.0,0.0,1.0,0.0,0.0,0.0,1.0,1.0,0.0,0.0,0.0,0.0,61.0,0.0,0.0,0.0,0.0,0.0,0.0,0.0,0.0,0.0,0.0,0.0,0.0,0.0,0.0,0.0,0.0,0.0,0.0,1.0,0.0,0.0,0.0,0.0,0.0,13.0,0.0561012243,1.4905016759,1.4905016759,1.4905016759,1.4905016759,1.4905016759,-3.5795675768,-3.5795675768,-3.5795675768,-3.5795675768,-3.5795675768,-2.0581630268,-2.0581630268,-2.0581630268,-2.0581630268,-2.0581630268,-6.4950710704,-6.4950710704,-6.4950710704,-6.4950710704,-6.4950710704,-6.4950710704,-6.4950710704,-6.4950710704,-6.4950710704,-6.4950710704,-6.4950710704,-6.4950710704,-6.4950710704,-6.4950710704,-6.4950710704,-6.4950710704,-6.4950710704,-6.4950710704,-6.4950710704,-6.4950710704,-6.4950710704,-6.4950710704,-6.4950710704,-6.4950710704,-6.4950710704,-1.5888513633,-1.5888513633,-1.5888513633,-1.5888513633,-1.5888513633,-1.5888513633,-1.5888513633,-1.5888513633,-1.5888513633,-1.5888513633,-1.5888513633,-1.5888513633,-1.5888513633,-1.5888513633,-1.5888513633,-1.5888513633,-1.5888513633,-1.5888513633,-1.5888513633,-1.5888513633,-1.5888513633,-1.5888513633,-1.5888513633,-1.5888513633,-1.5888513633,-13.0689253953,-13.0689253953,-13.0689253953,-13.0689253953,-13.0689253953
371180,0,0,0,0,0,371180,0,0,0,0,0,371180,0,0,0,0,0,371180,0,0,0,0,0,371180,7.8221769599,7.8221769599,7.8221769599,7.8221769599,7.8221769599,0.0295264394,0.0295264394,0.0295264394,0.0295264394,0.0295264394,0.4933366328,0.4933366328,0.4933366328,0.4933366328,0.4933366328,14.9665256728,6.7377601757,389,0.0,0.0,0.0,0.0,0.0,371180,371180,371180,371180,371180,1.10187e-05,1.10187e-05,1.10187e-05,1.10187e-05,1.10187e-05,0.0063056958,0.0063056958,0.0063056958,0.0063056958,0.0063056958,0.0063056958,0.0063056958,0.0063056958,0.0063056958,0.0063056958,0.0063056958,0.0063056958,0.0063056958,0.0063056958,0.0063056958,0.0063056958,0.0063056958,0.0063056958,0.0063056958,0.0063056958,0.0063056958,0.0063056958,0.0063056958,0.0063056958,0.0063056958,0.6209888202,0.6209888202,0.6209888202,0.6209888202,0.6209888202,0.6209888202,0.6209888202,0.6209888202,0.6209888202,0.6209888202,0.6209888202,0.6209888202,0.6209888202,0.6209888202,0.6209888202,0.6209888202,0.6209888202,0.6209888202,0.6209888202,0.6209888202,0.6209888202,0.6209888202,0.6209888202,0.6209888202,0.6209888202,0.9609682293,0.0097579427,0.0097579427,0.0097579427,0.0097579427,0.0097579427,0.9609682293,0.0097579427,0.0097579427,0.0097579427,0.0097579427,0.0097579427,0.9609682293,0.0097579427,0.0097579427,0.0097579427,0.0097579427,0.0097579427,0.9609682293,0.0097579427,0.0097579427,0.0097579427,0.0097579427,0.0097579427,0.9609682293,1.05886e-05,1.075e-07,1.075e-07,1.075e-07,1.075e-07,1.075e-07,1.05886e-05,1.075e-07,1.075e-07,1.075e-07,1.075e-07,1.075e-07,1.05886e-05,1.075e-07,1.075e-07,1.075e-07,1.075e-07,1.075e-07,1.05886e-05,1.075e-07,1.075e-07,1.075e-07,1.075e-07,1.075e-07,1.05886e-05,3,3,2.7715788283,0.0,4.0,0.0,84.0,2.0,90.0,0.0,1.07764e-05,0.0,0.0002263053,5.3882e-06,231.0,306.0,99.0,9003.0,249.0,0.0006223396,0.0008243979,0.000266717,0.0242550784,0.0006708336,370870.0,0.0,0.0,0.0,0.0,0.0,370760.0,0.0,0.0,0.0,0.0,0.0,370999.0,0.0,0.0,0.0,0.0,0.0,361105.0,0.0,0.0,0.0,0.0,0.0,370821.0,207.0,1.0,2.0,66.0,0.0,1.0,277.0,2.0,77.0,1.0,0.0,0.0,80.0,82.0,1.0,22.0,22.0,13.0,8705.0,15.0,1.0,6.0,2.0,73.0,232.0,34.0,0.0,0.0,0.0,0.0,0.0,62.0,0.0,0.0,0.0,0.0,0.0,18.0,0.0,0.0,0.0,0.0,0.0,1299.0,0.0,0.0,0.0,0.0,0.0,45.0,3.7494e-05,2.0569628994,2.0569628994,2.0569628994,2.0569628994,2.0569628994,-3.5224691663,-3.5224691663,-3.5224691663,-3.5224691663,-3.5224691663,-0.7065635129,-0.7065635129,-0.7065635129,-0.7065635129,-0.7065635129,-5.0663019613,-5.0663019613,-5.0663019613,-5.0663019613,-5.0663019613,-5.0663019613,-5.0663019613,-5.0663019613,-5.0663019613,-5.0663019613,-5.0663019613,-5.0663019613,-5.0663019613,-5.0663019613,-5.0663019613,-5.0663019613,-5.0663019613,-5.0663019613,-5.0663019613,-5.0663019613,-5.0663019613,-5.0663019613,-5.0663019613,-5.0663019613,-5.0663019613,-0.4764422002,-0.4764422002,-0.4764422002,-0.4764422002,-0.4764422002,-0.4764422002,-0.4764422002,-0.4764422002,-0.4764422002,-0.4764422002,-0.4764422002,-0.4764422002,-0.4764422002,-0.4764422002,-0.4764422002,-0.4764422002,-0.4764422002,-0.4764422002,-0.4764422002,-0.4764422002,-0.4764422002,-0.4764422002,-0.4764422002,-0.4764422002,-0.4764422002,-11.4159151612,-11.4159151612,-11.4159151612,-11.4159151612,-11.4159151612
282912,0,0,0,0,0,282912,0,0,0,0,0,282912,0,0,0,0,0,282912,0,0,0,0,0,282912,5.758495182,5.758495182,5.758495182,5.758495182,5.758495182,0.0415829354,0.0415829354,0.0415829354,0.0415829354,0.0415829354,0.1015911488,0.1015911488,0.1015911488,0.1015911488,0.1015911488,8.4815411854,31.7448465536,418,0.0,0.0,0.0,0.0,0.0,282912,282912,282912,282912,282912,2.9142e-06,2.9142e-06,2.9142e-06,2.9142e-06,2.9142e-06,0.0012031733,0.0012031733,0.0012031733,0.0012031733,0.0012031733,0.0012031733,0.0012031733,0.0012031733,0.0012031733,0.0012031733,0.0012031733,0.0012031733,0.0012031733,0.0012031733,0.0012031733,0.0012031733,0.0012031733,0.0012031733,0.0012031733,0.0012031733,0.0012031733,0.0012031733,0.0012031733,0.0012031733,0.0012031733,0.2136995243,0.2136995243,0.2136995243,0.2136995243,0.2136995243,0.2136995243,0.2136995243,0.2136995243,0.2136995243,0.2136995243,0.2136995243,0.2136995243,0.2136995243,0.2136995243,0.2136995243,0.2136995243,0.2136995243,0.2136995243,0.2136995243,0.2136995243,0.2136995243,0.2136995243,0.2136995243,0.2136995243,0.2136995243,0.977975175,0.0055062062,0.0055062062,0.0055062062,0.0055062062,0.0055062062,0.977975175,0.0055062062,0.0055062062,0.0055062062,0.0055062062,0.0055062062,0.977975175,0.0055062062,0.0055062062,0.0055062062,0.0055062062,0.0055062062,0.977975175,0.0055062062,0.0055062062,0.0055062062,0.0055062062,0.0055062062,0.977975175,2.85e-06,1.6e-08,1.6e-08,1.6e-08,1.6e-08,1.6e-08,2.85e-06,1.6e-08,1.6e-08,1.6e-08,1.6e-08,1.6e-08,2.85e-06,1.6e-08,1.6e-08,1.6e-08,1.6e-08,1.6e-08,2.85e-06,1.6e-08,1.6e-08,1.6e-08,1.6e-08,1.6e-08,2.85e-06,4,4,8.4815411854,0.0,0.0,0.0,6.0,35.0,41.0,0.0,0.0,0.0,2.1208e-05,0.0001237134,2.0,4.0,4.0,69.0,357.0,7.0693e-06,1.41387e-05,1.41387e-05,0.0002438921,0.0012618765,282909.0,0.0,0.0,0.0,0.0,0.0,282907.0,0.0,0.0,0.0,0.0,0.0,282903.0,0.0,0.0,0.0,0.0,0.0,282831.0,0.0,0.0,0.0,0.0,0.0,282471.0,0.0,0.0,0.0,0.0,2.0,0.0,3.0,0.0,0.0,2.0,0.0,0.0,4.0,0.0,3.0,0.0,0.0,0.0,67.0,3.0,2.0,1.0,0.0,2.0,347.0,1.0,0.0,0.0,0.0,0.0,0.0,0.0,0.0,0.0,0.0,0.0,0.0,2.0,0.0,0.0,0.0,0.0,0.0,11.0,0.0,0.0,0.0,0.0,0.0,90.0,0.0477230052,1.7506761875,1.7506761875,1.7506761875,1.7506761875,1.7506761875,-3.1800654021,-3.1800654021,-3.1800654021,-3.1800654021,-3.1800654021,-2.286798866,-2.286798866,-2.286798866,-2.286798866,-2.286798866,-6.7227927647,-6.7227927647,-6.7227927647,-6.7227927647,-6.7227927647,-6.7227927647,-6.7227927647,-6.7227927647,-6.7227927647,-6.7227927647,-6.7227927647,-6.7227927647,-6.7227927647,-6.7227927647,-6.7227927647,-6.7227927647,-6.7227927647,-6.7227927647,-6.7227927647,-6.7227927647,-6.7227927647,-6.7227927647,-6.7227927647,-6.7227927647,-6.7227927647,-1.5431843425,-1.5431843425,-1.5431843425,-1.5431843425,-1.5431843425,-1.5431843425,-1.5431843425,-1.5431843425,-1.5431843425,-1.5431843425,-1.5431843425,-1.5431843425,-1.5431843425,-1.5431843425,-1.5431843425,-1.5431843425,-1.5431843425,-1.5431843425,-1.5431843425,-1.5431843425,-1.5431843425,-1.5431843425,-1.5431843425,-1.5431843425,-1.5431843425,-12.7459090039,-12.7459090039,-12.7459090039,-12.7459090039,-12.7459090039
408997,0,0,0,0,0,408997,0,0,0,0,0,408997,0,0,0,0,0,408997,0,0,0,0,0,408997,3.6824169777,3.6824169777,3.6824169777,3.6824169777,3.6824169777,0.0539202651,0.0539202651,0.0539202651,0.0539202651,0.0539202651,0.3053585293,0.3053585293,0.3053585293,0.3053585293,0.3053585293,5.1677153613,40.3782406638,418,0.0,0.0,0.0,0.0,0.0,408997,408997,408997,408997,408997,3.2348e-06,3.2348e-06,3.2348e-06,3.2348e-06,3.2348e-06,0.0040643053,0.0040643053,0.0040643053,0.0040643053,0.0040643053,0.0040643053,0.0040643053,0.0040643053,0.0040643053,0.0040643053,0.0040643053,0.0040643053,0.0040643053,0.0040643053,0.0040643053,0.0040643053,0.0040643053,0.0040643053,0.0040643053,0.0040643053,0.0040643053,0.0040643053,0.0040643053,0.0040643053,0.0040643053,0.8023052174,0.8023052174,0.8023052174,0.8023052174,0.8023052174,0.8023052174,0.8023052174,0.8023052174,0.8023052174,0.8023052174,0.8023052174,0.8023052174,0.8023052174,0.8023052174,0.8023052174,0.8023052174,0.8023052174,0.8023052174,0.8023052174,0.8023052174,0.8023052174,0.8023052174,0.8023052174,0.8023052174,0.8023052174,0.9801393023,0.0049651744,0.0049651744,0.0049651744,0.0049651744,0.0049651744,0.9801393023,0.0049651744,0.0049651744,0.0049651744,0.0049651744,0.0049651744,0.9801393023,0.0049651744,0.0049651744,0.0049651744,0.0049651744,0.0049651744,0.9801393023,0.0049651744,0.0049651744,0.0049651744,0.0049651744,0.0049651744,0.9801393023,3.1705e-06,1.61e-08,1.61e-08,1.61e-08,1.61e-08,1.61e-08,3.1705e-06,1.61e-08,1.61e-08,1.61e-08,1.61e-08,1.61e-08,3.1705e-06,1.61e-08,1.61e-08,1.61e-08,1.61e-08,1.61e-08,3.1705e-06,1.61e-08,1.61e-08,1.61e-08,1.61e-08,1.61e-08,3.1705e-06,2,2,5.1677153613,0.0,0.0,3.0,0.0,0.0,3.0,0.0,0.0,7.335e-06,0.0,0.0,0.0,0.0,118.0,0.0,6.0,0.0,0.0,0.0002885107,0.0,1.467e-05,408997.0,0.0,0.0,0.0,0.0,0.0,408997.0,0.0,0.0,0.0,0.0,0.0,408842.0,0.0,0.0,0.0,0.0,0.0,408996.0,0.0,0.0,0.0,0.0,0.0,408989.0,0.0,0.0,0.0,0.0,0.0,0.0,0.0,0.0,0.0,0.0,0.0,0.0,115.0,0.0,0.0,0.0,0.0,1.0,0.0,0.0,0.0,0.0,2.0,0.0,6.0,0.0,0.0,0.0,0.0,0.0,0.0,0.0,0.0,0.0,0.0,0.0,0.0,41.0,0.0,0.0,0.0,0.0,0.0,0.0,0.0,0.0,0.0,0.0,0.0,0.0,0.1186504268,1.303569324,1.303569324,1.303569324,1.303569324,1.303569324,-2.9202488967,-2.9202488967,-2.9202488967,-2.9202488967,-2.9202488967,-1.1862686868,-1.1862686868,-1.1862686868,-1.1862686868,-1.1862686868,-5.505512453,-5.505512453,-5.505512453,-5.505512453,-5.505512453,-5.505512453,-5.505512453,-5.505512453,-5.505512453,-5.505512453,-5.505512453,-5.505512453,-5.505512453,-5.505512453,-5.505512453,-5.505512453,-5.505512453,-5.505512453,-5.505512453,-5.505512453,-5.505512453,-5.505512453,-5.505512453,-5.505512453,-5.505512453,-0.2202661732,-0.2202661732,-0.2202661732,-0.2202661732,-0.2202661732,-0.2202661732,-0.2202661732,-0.2202661732,-0.2202661732,-0.2202661732,-0.2202661732,-0.2202661732,-0.2202661732,-0.2202661732,-0.2202661732,-0.2202661732,-0.2202661732,-0.2202661732,-0.2202661732,-0.2202661732,-0.2202661732,-0.2202661732,-0.2202661732,-0.2202661732,-0.2202661732,-12.6415503819,-12.6415503819,-12.6415503819,-12.6415503819,-12.6415503819
483268,0,0,0,0,0,483268,0,0,0,0,0,483268,0,0,0,0,0,483268,0,0,0,0,0,483268,4.1604868297,4.1604868297,4.1604868297,4.1604868297,4.1604868297,0.0525332807,0.0525332807,0.0525332807,0.0525332807,0.0525332807,0.1337136957,0.1337136957,0.1337136957,0.1337136957,0.1337136957,9.56186265,6.2548376378,357,0.0,0.0,0.0,0.0,0.0,483268,483268,483268,483268,483268,1.6034e-06,1.6034e-06,1.6034e-06,1.6034e-06,1.6034e-06,0.0016097615,0.0016097615,0.0016097615,0.0016097615,0.0016097615,0.0016097615,0.0016097615,0.0016097615,0.0016097615,0.0016097615,0.0016097615,0.0016097615,0.0016097615,0.0016097615,0.0016097615,0.0016097615,0.0016097615,0.0016097615,0.0016097615,0.0016097615,0.0016097615,0.0016097615,0.0016097615,0.0016097615,0.0016097615,0.4497842787,0.4497842787,0.4497842787,0.4497842787,0.4497842787,0.4497842787,0.4497842787,0.4497842787,0.4497842787,0.4497842787,0.4497842787,0.4497842787,0.4497842787,0.4497842787,0.4497842787,0.4497842787,0.4497842787,0.4497842787,0.4497842787,0.4497842787,0.4497842787,0.4497842787,0.4497842787,0.4497842787,0.4497842787,0.9858861969,0.0035284508,0.0035284508,0.0035284508,0.0035284508,0.0035284508,0.9858861969,0.0035284508,0.0035284508,0.0035284508,0.0035284508,0.0035284508,0.9858861969,0.0035284508,0.0035284508,0.0035284508,0.0035284508,0.0035284508,0.9858861969,0.0035284508,0.0035284508,0.0035284508,0.0035284508,0.0035284508,0.9858861969,1.5808e-06,5.7e-09,5.7e-09,5.7e-09,5.7e-09,5.7e-09,1.5808e-06,5.7e-09,5.7e-09,5.7e-09,5.7e-09,5.7e-09,1.5808e-06,5.7e-09,5.7e-09,5.7e-09,5.7e-09,5.7e-09,1.5808e-06,5.7e-09,5.7e-09,5.7e-09,5.7e-09,5.7e-09,1.5808e-06,1,1,9.56186265,3.0,3.0,0.0,0.0,0.0,6.0,6.2077e-06,6.2077e-06,0.0,0.0,0.0,10.0,5.0,0.0,0.0,0.0,2.06925e-05,1.03462e-05,0.0,0.0,0.0,483181.0,0.0,0.0,0.0,0.0,0.0,483179.0,0.0,0.0,0.0,0.0,0.0,483268.0,0.0,0.0,0.0,0.0,0.0,483268.0,0.0,0.0,0.0,0.0,0.0,483267.0,70.0,0.0,0.0,0.0,0.0,0.0,75.0,0.0,0.0,0.0,0.0,0.0,0.0,0.0,0.0,0.0,0.0,0.0,0.0,0.0,1.0,0.0,0.0,0.0,0.0,17.0,0.0,0.0,0.0,0.0,0.0,15.0,0.0,0.0,0.0,0.0,0.0,0.0,0.0,0.0,0.0,0.0,0.0,0.0,0.0,0.0,0.0,0.0,0.0,0.0,0.0039788089,1.4256320938,1.4256320938,1.4256320938,1.4256320938,1.4256320938,-2.9463083915,-2.9463083915,-2.9463083915,-2.9463083915,-2.9463083915,-2.0120543642,-2.0120543642,-2.0120543642,-2.0120543642,-2.0120543642,-6.4316692167,-6.4316692167,-6.4316692167,-6.4316692167,-6.4316692167,-6.4316692167,-6.4316692167,-6.4316692167,-6.4316692167,-6.4316692167,-6.4316692167,-6.4316692167,-6.4316692167,-6.4316692167,-6.4316692167,-6.4316692167,-6.4316692167,-6.4316692167,-6.4316692167,-6.4316692167,-6.4316692167,-6.4316692167,-6.4316692167,-6.4316692167,-6.4316692167,-0.7989871918,-0.7989871918,-0.7989871918,-0.7989871918,-0.7989871918,-0.7989871918,-0.7989871918,-0.7989871918,-0.7989871918,-0.7989871918,-0.7989871918,-0.7989871918,-0.7989871918,-0.7989871918,-0.7989871918,-0.7989871918,-0.7989871918,-0.7989871918,-0.7989871918,-0.7989871918,-0.7989871918,-0.7989871918,-0.7989871918,-0.7989871918,-0.7989871918,-13.3433762063,-13.3433762063,-13.3433762063,-13.3433762063,-13.3433762063
406878,0,0,0,0,0,406878,0,0,0,0,0,406878,0,0,0,0,0,406878,0,0,0,0,0,406878,7.2442905613,7.2442905613,7.2442905613,7.2442905613,7.2442905613,0.0371900418,0.0371900418,0.0371900418,0.0371900418,0.0371900418,0.3030012261,0.3030012261,0.3030012261,0.3030012261,0.3030012261,6.2032563011,16.5156765121,369,0.0,0.0,0.0,0.0,0.0,406878,406878,406878,406878,406878,6.057e-06,6.057e-06,6.057e-06,6.057e-06,6.057e-06,0.0028744469,0.0028744469,0.0028744469,0.0028744469,0.0028744469,0.0028744469,0.0028744469,0.0028744469,0.0028744469,0.0028744469,0.0028744469,0.0028744469,0.0028744469,0.0028744469,0.0028744469,0.0028744469,0.0028744469,0.0028744469,0.0028744469,0.0028744469,0.0028744469,0.0028744469,0.0028744469,0.0028744469,0.0028744469,0.2959880441,0.2959880441,0.2959880441,0.2959880441,0.2959880441,0.2959880441,0.2959880441,0.2959880441,0.2959880441,0.2959880441,0.2959880441,0.2959880441,0.2959880441,0.2959880441,0.2959880441,0.2959880441,0.2959880441,0.2959880441,0.2959880441,0.2959880441,0.2959880441,0.2959880441,0.2959880441,0.2959880441,0.2959880441,0.9626070983,0.0093482254,0.0093482254,0.0093482254,0.0093482254,0.0093482254,0.9626070983,0.0093482254,0.0093482254,0.0093482254,0.0093482254,0.0093482254,0.9626070983,0.0093482254,0.0093482254,0.0093482254,0.0093482254,0.0093482254,0.9626070983,0.0093482254,0.0093482254,0.0093482254,0.0093482254,0.0093482254,0.9626070983,5.8305e-06,5.66e-08,5.66e-08,5.66e-08,5.66e-08,5.66e-08,5.8305e-06,5.66e-08,5.66e-08,5.66e-08,5.66e-08,5.66e-08,5.8305e-06,5.66e-08,5.66e-08,5.66e-08,5.66e-08,5.66e-08,5.8305e-06,5.66e-08,5.66e-08,5.66e-08,5.66e-08,5.66e-08,5.8305e-06,2,2,4.6633087909,0.0,10.0,160.0,2.0,7.0,179.0,0.0,2.45774e-05,0.0003932383,4.9155e-06,1.72042e-05,69.0,429.0,8892.0,204.0,314.0,0.000169584,0.0010543701,0.0218542167,0.0005013788,0.0007717301,406719.0,0.0,0.0,0.0,0.0,0.0,406304.0,0.0,0.0,0.0,0.0,0.0,396762.0,0.0,0.0,0.0,0.0,0.0,406573.0,0.0,0.0,0.0,0.0,0.0,406466.0,60.0,8.0,64.0,4.0,8.0,2.0,407.0,73.0,1.0,5.0,7.0,11.0,8625.0,18.0,12.0,0.0,2.0,74.0,178.0,3.0,0.0,1.0,56.0,3.0,286.0,15.0,0.0,0.0,0.0,0.0,0.0,86.0,0.0,0.0,0.0,0.0,0.0,1444.0,0.0,0.0,0.0,0.0,0.0,48.0,0.0,0.0,0.0,0.0,0.0,66.0,-0.0033187799,1.9802136498,1.9802136498,1.9802136498,1.9802136498,1.9802136498,-3.2917142461,-3.2917142461,-3.2917142461,-3.2917142461,-3.2917142461,-1.1940184269,-1.1940184269,-1.1940184269,-1.1940184269,-1.1940184269,-5.8518950175,-5.8518950175,-5.8518950175,-5.8518950175,-5.8518950175,-5.8518950175,-5.8518950175,-5.8518950175,-5.8518950175,-5.8518950175,-5.8518950175,-5.8518950175,-5.8518950175,-5.8518950175,-5.8518950175,-5.8518950175,-5.8518950175,-5.8518950175,-5.8518950175,-5.8518950175,-5.8518950175,-5.8518950175,-5.8518950175,-5.8518950175,-5.8518950175,-1.2174362171,-1.2174362171,-1.2174362171,-1.2174362171,-1.2174362171,-1.2174362171,-1.2174362171,-1.2174362171,-1.2174362171,-1.2174362171,-1.2174362171,-1.2174362171,-1.2174362171,-1.2174362171,-1.2174362171,-1.2174362171,-1.2174362171,-1.2174362171,-1.2174362171,-1.2174362171,-1.2174362171,-1.2174362171,-1.2174362171,-1.2174362171,-1.2174362171,-12.0143022821,-12.0143022821,-12.0143022821,-12.0143022821,-12.0143022821
360365,0,0,0,0,0,360365,0,0,0,0,0,360365,0,0,0,0,0,360365,0,0,0,0,0,360365,3.9621547772,3.9621547772,3.9621547772,3.9621547772,3.9621547772,0.0592285236,0.0592285236,0.0592285236,0.0592285236,0.0592285236,0.1005102004,0.1005102004,0.1005102004,0.1005102004,0.1005102004,11.0772027734,13.2950825973,398,0.0,0.0,0.0,0.0,0.0,360365,360365,360365,360365,360365,1.7563e-06,1.7563e-06,1.7563e-06,1.7563e-06,1.7563e-06,0.0042658403,0.0042658403,0.0042658403,0.0042658403,0.0042658403,0.0042658403,0.0042658403,0.0042658403,0.0042658403,0.0042658403,0.0042658403,0.0042658403,0.0042658403,0.0042658403,0.0042658403,0.0042658403,0.0042658403,0.0042658403,0.0042658403,0.0042658403,0.0042658403,0.0042658403,0.0042658403,0.0042658403,0.0042658403,0.1511320087,0.1511320087,0.1511320087,0.1511320087,0.1511320087,0.1511320087,0.1511320087,0.1511320087,0.1511320087,0.1511320087,0.1511320087,0.1511320087,0.1511320087,0.1511320087,0.1511320087,0.1511320087,0.1511320087,0.1511320087,0.1511320087,0.1511320087,0.1511320087,0.1511320087,0.1511320087,0.1511320087,0.1511320087,0.8985503512,0.0253624122,0.0253624122,0.0253624122,0.0253624122,0.0253624122,0.8985503512,0.0253624122,0.0253624122,0.0253624122,0.0253624122,0.0253624122,0.8985503512,0.0253624122,0.0253624122,0.0253624122,0.0253624122,0.0253624122,0.8985503512,0.0253624122,0.0253624122,0.0253624122,0.0253624122,0.0253624122,0.8985503512,1.5781e-06,4.45e-08,4.45e-08,4.45e-08,4.45e-08,4.45e-08,1.5781e-06,4.45e-08,4.45e-08,4.45e-08,4.45e-08,4.45e-08,1.5781e-06,4.45e-08,4.45e-08,4.45e-08,4.45e-08,4.45e-08,1.5781e-06,4.45e-08,4.45e-08,4.45e-08,4.45e-08,4.45e-08,1.5781e-06,2,2,11.0772027734,0.0,0.0,20.0,0.0,0.0,20.0,0.0,0.0,5.54993e-05,0.0,0.0,0.0,3.0,169.0,1.0,0.0,0.0,8.3249e-06,0.000468969,2.775e-06,0.0,360362.0,0.0,0.0,0.0,0.0,0.0,360361.0,0.0,0.0,0.0,0.0,0.0,360165.0,0.0,0.0,0.0,0.0,0.0,360359.0,0.0,0.0,0.0,0.0,0.0,360357.0,0.0,0.0,3.0,0.0,0.0,0.0,0.0,4.0,0.0,0.0,0.0,3.0,154.0,0.0,0.0,0.0,0.0,4.0,1.0,0.0,0.0,0.0,4.0,0.0,0.0,0.0,0.0,0.0,0.0,0.0,0.0,0.0,0.0,0.0,0.0,0.0,0.0,44.0,0.0,0.0,0.0,0.0,0.0,1.0,0.0,0.0,0.0,0.0,0.0,4.0,0.0002997937,1.3767880129,1.3767880129,1.3767880129,1.3767880129,1.3767880129,-2.8263520355,-2.8263520355,-2.8263520355,-2.8263520355,-2.8263520355,-2.29749606,-2.29749606,-2.29749606,-2.29749606,-2.29749606,-5.4571160947,-5.4571160947,-5.4571160947,-5.4571160947,-5.4571160947,-5.4571160947,-5.4571160947,-5.4571160947,-5.4571160947,-5.4571160947,-5.4571160947,-5.4571160947,-5.4571160947,-5.4571160947,-5.4571160947,-5.4571160947,-5.4571160947,-5.4571160947,-5.4571160947,-5.4571160947,-5.4571160947,-5.4571160947,-5.4571160947,-5.4571160947,-5.4571160947,-1.8896015945,-1.8896015945,-1.8896015945,-1.8896015945,-1.8896015945,-1.8896015945,-1.8896015945,-1.8896015945,-1.8896015945,-1.8896015945,-1.8896015945,-1.8896015945,-1.8896015945,-1.8896015945,-1.8896015945,-1.8896015945,-1.8896015945,-1.8896015945,-1.8896015945,-1.8896015945,-1.8896015945,-1.8896015945,-1.8896015945,-1.8896015945,-1.8896015945,-13.2523004462,-13.2523004462,-13.2523004462,-13.2523004462,-13.2523004462
458356,0,0,0,0,0,458356,0,0,0,0,0,458356,0,0,0,0,0,458356,0,0,0,0,0,458356,3.4901359823,3.4901359823,3.4901359823,3.4901359823,3.4901359823,0.0242616437,0.0242616437,0.0242616437,0.0242616437,0.0242616437,0.2064611273,0.2064611273,0.2064611273,0.2064611273,0.2064611273,13.8120827728,43.4318727616,405,0.0,0.0,0.0,0.0,0.0,458356,458356,458356,458356,458356,1.7568e-06,1.7568e-06,1.7568e-06,1.7568e-06,1.7568e-06,0.0076402486,0.0076402486,0.0076402486,0.0076402486,0.0076402486,0.0076402486,0.0076402486,0.0076402486,0.0076402486,0.0076402486,0.0076402486,0.0076402486,0.0076402486,0.0076402486,0.0076402486,0.0076402486,0.0076402486,0.0076402486,0.0076402486,0.0076402486,0.0076402486,0.0076402486,0.0076402486,0.0076402486,0.0076402486,0.1877631461,0.1877631461,0.1877631461,0.1877631461,0.1877631461,0.1877631461,0.1877631461,0.1877631461,0.1877631461,0.1877631461,0.1877631461,0.1877631461,0.1877631461,0.1877631461,0.1877631461,0.1877631461,0.1877631461,0.1877631461,0.1877631461,0.1877631461,0.1877631461,0.1877631461,0.1877631461,0.1877631461,0.1877631461,0.8600200867,0.0349949783,0.0349949783,0.0349949783,0.0349949783,0.0349949783,0.8600200867,0.0349949783,0.0349949783,0.0349949783,0.0349949783,0.0349949783,0.8600200867,0.0349949783,0.0349949783,0.0349949783,0.0349949783,0.0349949783,0.8600200867,0.0349949783,0.0349949783,0.0349949783,0.0349949783,0.0349949783,0.8600200867,1.5109e-06,6.15e-08,6.15e-08,6.15e-08,6.15e-08,6.15e-08,1.5109e-06,6.15e-08,6.15e-08,6.15e-08,6.15e-08,6.15e-08,1.5109e-06,6.15e-08,6.15e-08,6.15e-08,6.15e-08,6.15e-08,1.5109e-06,6.15e-08,6.15e-08,6.15e-08,6.15e-08,6.15e-08,1.5109e-06,1,1,13.8120827728,2.0,12.0,1.0,8.0,1.0,24.0,4.3634e-06,2.61805e-05,2.1817e-06,1.74537e-05,2.1817e-06,40.0,268.0,17.0,304.0,44.0,8.72684e-05,0.0005846984,3.70891e-05,0.0006632399,9.59953e-05,458275.0,0.0,0.0,0.0,0.0,0.0,457996.0,0.0,0.0,0.0,0.0,0.0,458316.0,0.0,0.0,0.0,0.0,0.0,457996.0,0.0,0.0,0.0,0.0,0.0,458292.0,32.0,10.0,0.0,9.0,0.0,2.0,234.0,2.0,11.0,4.0,0.0,7.0,14.0,10.0,2.0,4.0,4.0,1.0,268.0,3.0,2.0,13.0,0.0,6.0,35.0,30.0,0.0,0.0,0.0,0.0,0.0,108.0,0.0,0.0,0.0,0.0,0.0,7.0,0.0,0.0,0.0,0.0,0.0,80.0,0.0,0.0,0.0,0.0,0.0,8.0,0.0903200738,1.2499406989,1.2499406989,1.2499406989,1.2499406989,1.2499406989,-3.7188586243,-3.7188586243,-3.7188586243,-3.7188586243,-3.7188586243,-1.5776431296,-1.5776431296,-1.5776431296,-1.5776431296,-1.5776431296,-4.8743251422,-4.8743251422,-4.8743251422,-4.8743251422,-4.8743251422,-4.8743251422,-4.8743251422,-4.8743251422,-4.8743251422,-4.8743251422,-4.8743251422,-4.8743251422,-4.8743251422,-4.8743251422,-4.8743251422,-4.8743251422,-4.8743251422,-4.8743251422,-4.8743251422,-4.8743251422,-4.8743251422,-4.8743251422,-4.8743251422,-4.8743251422,-4.8743251422,-1.6725739714,-1.6725739714,-1.6725739714,-1.6725739714,-1.6725739714,-1.6725739714,-1.6725739714,-1.6725739714,-1.6725739714,-1.6725739714,-1.6725739714,-1.6725739714,-1.6725739714,-1.6725739714,-1.6725739714,-1.6725739714,-1.6725739714,-1.6725739714,-1.6725739714,-1.6725739714,-1.6725739714,-1.6725739714,-1.6725739714,-1.6725739714,-1.6725739714,-13.2519991695,-13.2519991695,-13.2519991695,-13.2519991695,-13.2519991695
493897,0,0,0,0,0,493897,0,0,0,0,0,493897,0,0,0,0,0,493897,0,0,0,0,0,493897,3.0463705595,3.0463705595,3.0463705595,3.0463705595,3.0463705595,0.0643336758,0.0643336758,0.0643336758,0.0643336758,0.0643336758,0.1028108784,0.1028108784,0.1028108784,0.1028108784,0.1028108784,10.7768499105,6.9115980604,297,0.0,0.0,0.0,0.0,0.0,493897,493897,493897,493897,493897,1.031e-06,1.031e-06,1.031e-06,1.031e-06,1.031e-06,0.001143084,0.001143084,0.001143084,0.001143084,0.001143084,0.001143084,0.001143084,0.001143084,0.001143084,0.001143084,0.001143084,0.001143084,0.001143084,0.001143084,0.001143084,0.001143084,0.001143084,0.001143084,0.001143084,0.001143084,0.001143084,0.001143084,0.001143084,0.001143084,0.001143084,0.1444282503,0.1444282503,0.1444282503,0.1444282503,0.1444282503,0.1444282503,0.1444282503,0.1444282503,0.1444282503,0.1444282503,0.1444282503,0.1444282503,0.1444282503,0.1444282503,0.1444282503,0.1444282503,0.1444282503,0.1444282503,0.1444282503,0.1444282503,0.1444282503,0.1444282503,0.1444282503,0.1444282503,0.1444282503,0.9693133027,0.0076716743,0.0076716743,0.0076716743,0.0076716743,0.0076716743,0.9693133027,0.0076716743,0.0076716743,0.0076716743,0.0076716743,0.0076716743,0.9693133027,0.0076716743,0.0076716743,0.0076716743,0.0076716743,0.0076716743,0.9693133027,0.0076716743,0.0076716743,0.0076716743,0.0076716743,0.0076716743,0.9693133027,9.993e-07,7.9e-09,7.9e-09,7.9e-09,7.9e-09,7.9e-09,9.993e-07,7.9e-09,7.9e-09,7.9e-09,7.9e-09,7.9e-09,9.993e-07,7.9e-09,7.9e-09,7.9e-09,7.9e-09,7.9e-09,9.993e-07,7.9e-09,7.9e-09,7.9e-09,7.9e-09,7.9e-09,9.993e-07,3,3,10.7768499105,0.0,0.0,0.0,3.0,0.0,3.0,0.0,0.0,0.0,6.0741e-06,0.0,0.0,0.0,0.0,7.0,0.0,0.0,0.0,0.0,1.4173e-05,0.0,493897.0,0.0,0.0,0.0,0.0,0.0,493897.0,0.0,0.0,0.0,0.0,0.0,493897.0,0.0,0.0,0.0,0.0,0.0,493864.0,0.0,0.0,0.0,0.0,0.0,493897.0,0.0,0.0,0.0,0.0,0.0,0.0,0.0,0.0,0.0,0.0,0.0,0.0,0.0,0.0,0.0,0.0,0.0,0.0,24.0,0.0,0.0,0.0,0.0,0.0,0.0,0.0,0.0,0.0,0.0,0.0,0.0,0.0,0.0,0.0,0.0,0.0,0.0,0.0,0.0,0.0,0.0,0.0,0.0,10.0,0.0,0.0,0.0,0.0,0.0,0.0,0.1267058815,1.1139509016,1.1139509016,1.1139509016,1.1139509016,1.1139509016,-2.7436720549,-2.7436720549,-2.7436720549,-2.7436720549,-2.7436720549,-2.2748641107,-2.2748641107,-2.2748641107,-2.2748641107,-2.2748641107,-6.7740254317,-6.7740254317,-6.7740254317,-6.7740254317,-6.7740254317,-6.7740254317,-6.7740254317,-6.7740254317,-6.7740254317,-6.7740254317,-6.7740254317,-6.7740254317,-6.7740254317,-6.7740254317,-6.7740254317,-6.7740254317,-6.7740254317,-6.7740254317,-6.7740254317,-6.7740254317,-6.7740254317,-6.7740254317,-6.7740254317,-6.7740254317,-6.7740254317,-1.9349724325,-1.9349724325,-1.9349724325,-1.9349724325,-1.9349724325,-1.9349724325,-1.9349724325,-1.9349724325,-1.9349724325,-1.9349724325,-1.9349724325,-1.9349724325,-1.9349724325,-1.9349724325,-1.9349724325,-1.9349724325,-1.9349724325,-1.9349724325,-1.9349724325,-1.9349724325,-1.9349724325,-1.9349724325,-1.9349724325,-1.9349724325,-1.9349724325,-13.7850276177,-13.7850276177,-13.7850276177,-13.7850276177,-13.7850276177
422690,0,0,0,0,0,422690,0,0,0,0,0,422690,0,0,0,0,0,422690,0,0,0,0,0,422690,4.9096059215,4.9096059215,4.9096059215,4.9096059215,4.9096059215,0.0394694386,0.0394694386,0.0394694386,0.0394694386,0.0394694386,0.1378268535,0.1378268535,0.1378268535,0.1378268535,0.1378268535,9.9249306133,33.9921226173,393,0.0,0.0,0.0,0.0,0.0,422690,422690,422690,422690,422690,2.0593e-06,2.0593e-06,2.0593e-06,2.0593e-06,2.0593e-06,0.0076066326,0.0076066326,0.0076066326,0.0076066326,0.0076066326,0.0076066326,0.0076066326,0.0076066326,0.0076066326,0.0076066326,0.0076066326,0.0076066326,0.0076066326,0.0076066326,0.0076066326,0.0076066326,0.0076066326,0.0076066326,0.0076066326,0.0076066326,0.0076066326,0.0076066326,0.0076066326,0.0076066326,0.0076066326,0.192601709,0.192601709,0.192601709,0.192601709,0.192601709,0.192601709,0.192601709,0.192601709,0.192601709,0.192601709,0.192601709,0.192601709,0.192601709,0.192601709,0.192601709,0.192601709,0.192601709,0.192601709,0.192601709,0.192601709,0.192601709,0.192601709,0.192601709,0.192601709,0.192601709,0.8635754363,0.0341061409,0.0341061409,0.0341061409,0.0341061409,0.0341061409,0.8635754363,0.0341061409,0.0341061409,0.0341061409,0.0341061409,0.0341061409,0.8635754363,0.0341061409,0.0341061409,0.0341061409,0.0341061409,0.0341061409,0.8635754363,0.0341061409,0.0341061409,0.0341061409,0.0341061409,0.0341061409,0.8635754363,1.7784e-06,7.02e-08,7.02e-08,7.02e-08,7.02e-08,7.02e-08,1.7784e-06,7.02e-08,7.02e-08,7.02e-08,7.02e-08,7.02e-08,1.7784e-06,7.02e-08,7.02e-08,7.02e-08,7.02e-08,7.02e-08,1.7784e-06,7.02e-08,7.02e-08,7.02e-08,7.02e-08,7.02e-08,1.7784e-06,3,3,9.9249306133,0.0,0.0,0.0,9.0,0.0,9.0,0.0,0.0,0.0,2.12922e-05,0.0,5.0,1.0,2.0,88.0,0.0,1.1829e-05,2.3658e-06,4.7316e-06,0.0002081904,0.0,422680.0,0.0,0.0,0.0,0.0,0.0,422688.0,0.0,0.0,0.0,0.0,0.0,422683.0,0.0,0.0,0.0,0.0,0.0,422585.0,0.0,0.0,0.0,0.0,0.0,422685.0,4.0,0.0,0.0,4.0,0.0,0.0,0.0,0.0,1.0,0.0,0.0,0.0,2.0,5.0,0.0,1.0,1.0,0.0,75.0,0.0,0.0,0.0,0.0,3.0,0.0,2.0,0.0,0.0,0.0,0.0,0.0,1.0,0.0,0.0,0.0,0.0,0.0,0.0,0.0,0.0,0.0,0.0,0.0,29.0,0.0,0.0,0.0,0.0,0.0,2.0,0.1821654074,1.5911936782,1.5911936782,1.5911936782,1.5911936782,1.5911936782,-3.2322286119,-3.2322286119,-3.2322286119,-3.2322286119,-3.2322286119,-1.9817570666,-1.9817570666,-1.9817570666,-1.9817570666,-1.9817570666,-4.8787347074,-4.8787347074,-4.8787347074,-4.8787347074,-4.8787347074,-4.8787347074,-4.8787347074,-4.8787347074,-4.8787347074,-4.8787347074,-4.8787347074,-4.8787347074,-4.8787347074,-4.8787347074,-4.8787347074,-4.8787347074,-4.8787347074,-4.8787347074,-4.8787347074,-4.8787347074,-4.8787347074,-4.8787347074,-4.8787347074,-4.8787347074,-4.8787347074,-1.6471309064,-1.6471309064,-1.6471309064,-1.6471309064,-1.6471309064,-1.6471309064,-1.6471309064,-1.6471309064,-1.6471309064,-1.6471309064,-1.6471309064,-1.6471309064,-1.6471309064,-1.6471309064,-1.6471309064,-1.6471309064,-1.6471309064,-1.6471309064,-1.6471309064,-1.6471309064,-1.6471309064,-1.6471309064,-1.6471309064,-1.6471309064,-1.6471309064,-13.0931336299,-13.0931336299,-13.0931336299,-13.0931336299,-13.0931336299
